OrderDate,YYYYWEEK,OrderQty,7MA,14MA
2018-01-02,201801,92,,
2018-01-03,201801,130,,
2018-01-04,201801,45,,
2018-01-05,201801,54,,
2018-01-08,201802,464,,
2018-01-09,201802,60,,
2018-01-10,201802,60,129.28571428571428,
2018-01-11,201802,50,123.28571428571429,
2018-01-12,201802,2,105.0,
2018-01-15,201803,85,110.71428571428571,
2018-01-16,201803,12,104.71428571428571,
2018-01-17,201803,120,55.57142857142857,
2018-01-18,201803,140,67.0,
2018-01-19,201803,30,62.714285714285715,96.0
2018-01-22,201804,40,61.285714285714285,92.28571428571429
2018-01-23,201804,250,96.71428571428571,100.85714285714286
2018-01-24,201804,110,100.28571428571429,105.5
2018-01-26,201804,48,105.42857142857143,105.07142857142857
2018-01-27,201804,5,89.0,72.28571428571429
2018-01-29,201805,30,73.28571428571429,70.14285714285714
2018-01-30,201805,50,76.14285714285714,69.42857142857143
2018-01-31,201805,708,171.57142857142858,116.42857142857143
2018-02-01,201805,101,150.28571428571428,123.5
2018-02-02,201805,530,210.28571428571428,155.28571428571428
2018-02-03,201805,10,204.85714285714286,155.14285714285714
2018-02-05,201806,100,218.42857142857142,153.71428571428572
2018-02-06,201806,60,222.71428571428572,148.0
2018-02-07,201806,49,222.57142857142858,149.35714285714286
2018-02-08,201806,80,132.85714285714286,152.21428571428572
2018-02-09,201806,80,129.85714285714286,140.07142857142858
2018-02-12,201807,649,146.85714285714286,178.57142857142858
2018-02-13,201807,46,152.0,178.42857142857142
2018-02-14,201807,100,152.0,185.21428571428572
2018-02-19,201808,228,176.0,199.35714285714286
2018-02-20,201808,405,226.85714285714286,224.71428571428572
2018-02-22,201808,106,230.57142857142858,181.71428571428572
2018-02-23,201808,100,233.42857142857142,181.64285714285714
2018-02-26,201809,166,164.42857142857142,155.64285714285714
2018-02-27,201809,30,162.14285714285714,157.07142857142858
2018-02-28,201809,60,156.42857142857142,154.21428571428572
2018-03-01,201809,20,126.71428571428571,151.35714285714286
2018-03-02,201809,168,92.85714285714286,159.85714285714286
2018-03-03,201809,20,80.57142857142857,155.57142857142858
2018-03-05,201810,151,87.85714285714286,160.64285714285714
2018-03-06,201810,60,72.71428571428571,118.57142857142857
2018-03-07,201810,130,87.0,124.57142857142857
2018-03-08,201810,213,108.85714285714286,132.64285714285714
2018-03-09,201810,85,118.14285714285714,122.42857142857143
2018-03-10,201810,5,94.85714285714286,93.85714285714286
2018-03-12,201811,160,114.85714285714286,97.71428571428571
2018-03-13,201811,60,101.85714285714286,94.85714285714286
2018-03-14,201811,30,97.57142857142857,85.14285714285714
2018-03-15,201811,146,99.85714285714286,93.42857142857143
2018-03-16,201811,33,74.14285714285714,91.5
2018-03-19,201812,164,85.42857142857143,101.78571428571429
2018-03-20,201812,553,163.71428571428572,129.28571428571428
2018-03-21,201812,10,142.28571428571428,128.57142857142858
2018-03-22,201812,160,156.57142857142858,129.21428571428572
2018-03-23,201812,50,159.42857142857142,128.5
2018-03-26,201813,65,147.85714285714286,123.85714285714286
2018-03-27,201813,55,151.0,112.57142857142857
2018-03-28,201813,30,131.85714285714286,108.64285714285714
2018-03-29,201813,305,96.42857142857143,130.07142857142858
2018-03-30,201813,48,101.85714285714286,122.07142857142857
2018-04-02,201814,173,103.71428571428571,130.14285714285714
2018-04-03,201814,65,105.85714285714286,132.64285714285714
2018-04-04,201814,841,216.71428571428572,182.28571428571428
2018-04-05,201814,246,244.0,197.5
2018-04-06,201814,15,241.85714285714286,186.85714285714286
2018-04-09,201815,200,226.85714285714286,161.64285714285714
2018-04-10,201815,150,241.42857142857142,171.64285714285714
2018-04-12,201815,86,229.0,166.35714285714286
2018-04-13,201815,32,224.28571428571428,165.07142857142858
2018-04-16,201816,20,107.0,161.85714285714286
2018-04-17,201816,145,92.57142857142857,168.28571428571428
2018-04-18,201816,70,100.42857142857143,171.14285714285714
2018-04-19,201816,93,85.14285714285714,156.0
2018-04-20,201816,90,76.57142857142857,159.0
2018-04-23,201817,45,70.71428571428571,149.85714285714286
2018-04-24,201817,60,74.71428571428571,149.5
2018-04-25,201817,360,123.28571428571429,115.14285714285714
2018-04-26,201817,130,121.14285714285714,106.85714285714286
2018-04-27,201817,46,117.71428571428571,109.07142857142857
2018-04-30,201818,152,126.14285714285714,105.64285714285714
2018-05-01,201818,150,134.71428571428572,105.64285714285714
2018-05-02,201818,84,140.28571428571428,105.5
2018-05-03,201818,491,201.85714285714286,138.28571428571428
2018-05-04,201818,200,179.0,151.14285714285714
2018-05-05,201818,40,166.14285714285714,143.64285714285714
2018-05-08,201819,271,198.28571428571428,158.0
2018-05-09,201819,260,213.71428571428572,169.92857142857142
2018-05-10,201819,240,226.57142857142858,180.64285714285714
2018-05-11,201819,40,220.28571428571428,180.28571428571428
2018-05-14,201820,944,285.0,243.42857142857142
2018-05-15,201820,172,281.0,230.0
2018-05-16,201820,24,278.7142857142857,222.42857142857142
2018-05-17,201820,440,302.85714285714283,250.57142857142858
2018-05-18,201820,102,280.2857142857143,247.0
2018-05-19,201820,20,248.85714285714286,237.71428571428572
2018-05-21,201821,832,362.0,291.14285714285717
2018-05-22,201821,40,232.85714285714286,258.92857142857144
2018-05-23,201821,214,238.85714285714286,259.92857142857144
2018-05-24,201821,287,276.42857142857144,277.57142857142856
2018-05-25,201821,340,262.14285714285717,282.5
2018-05-26,201821,24,251.0,265.64285714285717
2018-05-28,201822,883,374.2857142857143,311.57142857142856
2018-05-29,201822,340,304.0,333.0
2018-05-30,201822,510,371.14285714285717,302.0
2018-05-31,201822,395,397.0,317.92857142857144
2018-06-01,201822,90,368.85714285714283,322.64285714285717
2018-06-03,201822,40,326.0,294.07142857142856
2018-06-04,201823,4,323.14285714285717,287.07142857142856
2018-06-07,201823,8,198.14285714285714,286.2142857142857
2018-06-08,201823,60,158.14285714285714,231.07142857142858
2018-06-09,201823,10,86.71428571428571,228.92857142857142
2018-06-11,201824,126,48.285714285714285,222.64285714285714
2018-06-12,201824,115,51.857142857142854,210.35714285714286
2018-06-13,201824,20,49.0,187.5
2018-06-14,201824,127,66.57142857142857,194.85714285714286
2018-06-15,201824,77,76.42857142857143,137.28571428571428
2018-06-16,201824,20,70.71428571428571,114.42857142857143
2018-06-18,201825,100,83.57142857142857,85.14285714285714
2018-06-19,201825,150,87.0,67.64285714285714
2018-06-20,201825,60,79.14285714285714,65.5
2018-06-21,201825,64,85.42857142857143,67.21428571428571
2018-06-22,201825,60,75.85714285714286,71.21428571428571
2018-06-25,201826,45,71.28571428571429,73.85714285714286
2018-06-26,201826,126,86.42857142857143,78.57142857142857
2018-06-27,201826,50,79.28571428571429,81.42857142857143
2018-06-28,201826,91,70.85714285714286,78.92857142857143
2018-06-29,201826,50,69.42857142857143,74.28571428571429
2018-07-02,201827,202,89.14285714285714,87.28571428571429
2018-07-03,201827,43,86.71428571428571,81.28571428571429
2018-07-04,201827,64,89.42857142857143,80.35714285714286
2018-07-05,201827,73,81.85714285714286,84.14285714285714
2018-07-06,201827,10,76.14285714285714,77.71428571428571
2018-07-07,201827,20,66.0,68.42857142857143
2018-07-09,201828,76,69.71428571428571,69.57142857142857
2018-07-10,201828,140,60.857142857142854,75.0
2018-07-11,201828,110,70.42857142857143,78.57142857142857
2018-07-12,201828,75,72.0,80.71428571428571
2018-07-13,201828,66,71.0,76.42857142857143
2018-07-14,201828,60,78.14285714285714,77.14285714285714
2018-07-16,201829,72,85.57142857142857,75.78571428571429
2018-07-17,201829,50,81.85714285714286,75.78571428571429
2018-07-18,201829,8,63.0,61.92857142857143
2018-07-19,201829,60,55.857142857142854,63.142857142857146
2018-07-20,201829,120,62.285714285714285,67.14285714285714
2018-07-23,201830,180,78.57142857142857,74.78571428571429
2018-07-24,201830,20,72.85714285714286,75.5
2018-07-25,201830,80,74.0,79.78571428571429
2018-07-26,201830,53,74.42857142857143,78.14285714285714
2018-07-27,201830,94,86.71428571428571,74.85714285714286
2018-07-30,201831,100,92.42857142857143,74.14285714285714
2018-07-31,201831,93,88.57142857142857,75.42857142857143
2018-08-01,201831,63,71.85714285714286,75.21428571428571
2018-08-02,201831,200,97.57142857142857,85.21428571428571
2018-08-06,201832,141,106.28571428571429,90.14285714285714
2018-08-07,201832,224,130.71428571428572,102.57142857142857
2018-08-08,201832,122,134.71428571428572,110.71428571428571
2018-08-09,201832,138,140.14285714285714,116.28571428571429
2018-08-10,201832,130,145.42857142857142,117.0
2018-08-11,201832,50,143.57142857142858,107.71428571428571
2018-08-13,201833,111,130.85714285714286,114.21428571428571
2018-08-14,201833,85,122.85714285714286,114.57142857142857
2018-08-16,201833,229,123.57142857142857,127.14285714285714
2018-08-17,201833,82,117.85714285714286,126.28571428571429
2018-08-18,201833,10,99.57142857142857,119.85714285714286
2018-08-20,201834,641,172.57142857142858,159.0
2018-08-21,201834,100,179.71428571428572,161.64285714285714
2018-08-22,201834,25,167.42857142857142,149.14285714285714
2018-08-23,201834,84,167.28571428571428,145.07142857142858
2018-08-24,201834,55,142.42857142857142,133.0
2018-08-27,201835,116,147.28571428571428,132.57142857142858
2018-08-28,201835,120,163.0,131.28571428571428
2018-08-29,201835,80,82.85714285714286,127.71428571428571
2018-08-30,201835,40,74.28571428571429,127.0
2018-08-31,201835,17,73.14285714285714,120.28571428571429
2018-09-01,201835,25,64.71428571428571,116.0
2018-09-03,201836,137,76.42857142857143,109.42857142857143
2018-09-04,201836,86,72.14285714285714,109.71428571428571
2018-09-05,201836,115,71.42857142857143,117.21428571428571
2018-09-06,201836,2,60.285714285714285,71.57142857142857
2018-09-07,201836,102,69.14285714285714,71.71428571428571
2018-09-08,201836,40,72.42857142857143,72.78571428571429
2018-09-10,201837,34,73.71428571428571,69.21428571428571
2018-09-11,201837,51,61.42857142857143,68.92857142857143
2018-09-12,201837,23,52.42857142857143,62.285714285714285
2018-09-13,201837,180,61.714285714285715,66.57142857142857
2018-09-14,201837,20,64.28571428571429,62.285714285714285
2018-09-15,201837,40,55.42857142857143,62.285714285714285
2018-09-17,201838,200,78.28571428571429,75.35714285714286
2018-09-18,201838,191,100.71428571428571,87.21428571428571
2018-09-19,201838,30,97.71428571428571,79.57142857142857
2018-09-20,201838,40,100.14285714285714,76.28571428571429
2018-09-21,201838,20,77.28571428571429,69.5
2018-09-27,201839,112,90.42857142857143,77.35714285714286
2018-09-28,201839,90,97.57142857142857,76.5
2018-09-29,201839,10,70.42857142857143,74.35714285714286
2018-10-01,201840,726,146.85714285714286,123.78571428571429
2018-10-02,201840,223,174.42857142857142,136.07142857142858
2018-10-03,201840,100,183.0,141.57142857142858
2018-10-04,201840,50,187.28571428571428,132.28571428571428
2018-10-05,201840,60,179.85714285714286,135.14285714285714
2018-10-06,201840,20,169.85714285714286,133.71428571428572
2018-10-08,201841,140,188.42857142857142,129.42857142857142
2018-10-09,201841,50,91.85714285714286,119.35714285714286
2018-10-10,201841,143,80.42857142857143,127.42857142857143
2018-10-11,201841,35,71.14285714285714,127.07142857142857
2018-10-12,201841,115,80.42857142857143,133.85714285714286
2018-10-13,201841,10,73.28571428571429,126.57142857142857
2018-10-15,201842,65,79.71428571428571,124.78571428571429
2018-10-16,201842,50,66.85714285714286,127.64285714285714
2018-10-17,201842,55,67.57142857142857,79.71428571428571
2018-10-18,201842,40,52.857142857142854,66.64285714285714
2018-10-19,201842,21,50.857142857142854,61.0
2018-10-20,201842,5,35.142857142857146,57.785714285714285
2018-10-22,201843,15,35.857142857142854,54.57142857142857
2018-10-23,201843,40,32.285714285714285,56.0
2018-10-24,201843,140,45.142857142857146,56.0
2018-10-25,201843,118,54.142857142857146,60.857142857142854
2018-10-26,201843,64,57.57142857142857,55.214285714285715
2018-10-29,201844,60,63.142857142857146,57.0
2018-10-30,201844,40,68.14285714285714,51.642857142857146
2018-10-31,201844,48,72.85714285714286,54.357142857142854
2018-11-01,201844,150,88.57142857142857,60.42857142857143
2018-11-02,201844,124,86.28571428571429,65.71428571428571
2018-11-05,201845,90,82.28571428571429,68.21428571428571
2018-11-06,201845,85,85.28571428571429,71.42857142857143
2018-11-07,201845,168,100.71428571428571,81.92857142857143
2018-11-08,201845,105,110.0,89.07142857142857
2018-11-09,201845,104,118.0,95.42857142857143
2018-11-12,201846,80,108.0,98.28571428571429
2018-11-13,201846,101,104.71428571428571,95.5
2018-11-14,201846,140,111.85714285714286,97.07142857142857
2018-11-15,201846,35,104.71428571428571,95.0
2018-11-16,201846,30,85.0,92.85714285714286
2018-11-19,201847,130,88.57142857142857,99.28571428571429
2018-11-20,201847,120,90.85714285714286,104.42857142857143
2018-11-21,201847,64,88.57142857142857,98.28571428571429
2018-11-22,201847,102,88.71428571428571,96.71428571428571
2018-11-23,201847,20,71.57142857142857,91.71428571428571
2018-11-26,201848,129,85.0,94.85714285714286
2018-11-27,201848,59,89.14285714285714,87.07142857142857
2018-11-28,201848,130,89.14285714285714,88.85714285714286
2018-11-29,201848,18,74.57142857142857,82.71428571428571
2018-11-30,201848,11,67.0,77.78571428571429
2018-12-01,201848,80,63.857142857142854,76.28571428571429
2018-12-03,201849,74,71.57142857142857,71.57142857142857
2018-12-05,201849,13,55.0,70.0
2018-12-06,201849,47,53.285714285714285,71.21428571428571
2018-12-07,201849,75,45.42857142857143,67.28571428571429
2018-12-08,201849,20,45.714285714285715,60.142857142857146
2018-12-10,201850,5,44.857142857142854,55.92857142857143
2018-12-11,201850,167,57.285714285714285,60.57142857142857
2018-12-12,201850,53,54.285714285714285,62.92857142857143
2018-12-13,201850,262,89.85714285714286,72.42857142857143
2018-12-14,201850,21,86.14285714285714,69.71428571428571
2018-12-17,201851,54,83.14285714285714,64.28571428571429
2018-12-18,201851,60,88.85714285714286,67.28571428571429
2018-12-19,201851,60,96.71428571428571,70.78571428571429
2018-12-20,201851,20,75.71428571428571,66.5
2018-12-21,201851,60,76.71428571428571,65.5
2018-12-24,201852,30,43.57142857142857,66.71428571428571
2018-12-26,201852,248,76.0,81.07142857142857
2018-12-27,201852,20,71.14285714285714,77.14285714285714
2018-12-28,201852,35,67.57142857142857,78.21428571428571
2019-01-02,201901,116,75.57142857142857,86.14285714285714
2019-01-04,201901,395,129.14285714285714,102.42857142857143
2019-01-07,201902,25,124.14285714285714,100.42857142857143
2019-01-08,201902,166,143.57142857142858,93.57142857142857
2019-01-09,201902,50,115.28571428571429,95.64285714285714
2019-01-10,201902,50,119.57142857142857,95.35714285714286
2019-01-11,201902,40,120.28571428571429,93.92857142857143
2019-01-12,201902,28,107.71428571428571,91.64285714285714
2019-01-14,201903,53,58.857142857142854,94.0
2019-01-15,201903,36,60.42857142857143,92.28571428571429
2019-01-16,201903,150,58.142857142857146,100.85714285714286
2019-01-17,201903,90,63.857142857142854,89.57142857142857
2019-01-18,201903,110,72.42857142857143,96.0
2019-01-21,201904,43,72.85714285714286,96.57142857142857
2019-01-22,201904,51,76.14285714285714,91.92857142857143
2019-01-23,201904,100,82.85714285714286,70.85714285714286
2019-01-28,201905,98,91.71428571428571,76.07142857142857
2019-01-29,201905,102,84.85714285714286,71.5
2019-01-30,201905,42,78.0,70.92857142857143
2019-01-31,201905,80,73.71428571428571,73.07142857142857
2019-02-01,201905,40,73.28571428571429,73.07142857142857
2019-02-07,201906,22,69.14285714285714,72.64285714285714
2019-02-08,201906,26,58.57142857142857,70.71428571428571
2019-02-09,201906,40,50.285714285714285,71.0
2019-02-11,201907,95,49.285714285714285,67.07142857142857
2019-02-12,201907,65,52.57142857142857,65.28571428571429
2019-02-13,201907,78,52.285714285714285,63.0
2019-02-15,201907,16,48.857142857142854,61.07142857142857
2019-02-18,201908,137,65.28571428571429,67.21428571428571
2019-02-19,201908,110,77.28571428571429,67.92857142857143
2019-02-20,201908,45,78.0,64.14285714285714
2019-02-21,201908,90,77.28571428571429,63.285714285714285
2019-02-22,201908,120,85.14285714285714,68.85714285714286
2019-02-23,201908,10,75.42857142857143,63.857142857142854
2019-02-25,201909,460,138.85714285714286,93.85714285714286
2019-02-26,201909,30,123.57142857142857,94.42857142857143
2019-02-27,201909,79,119.14285714285714,98.21428571428571
2019-02-28,201909,30,117.0,97.5
2019-03-01,201909,60,112.71428571428571,95.0
2019-03-04,201910,90,108.42857142857143,96.78571428571429
2019-03-05,201910,240,141.28571428571428,108.35714285714286
2019-03-06,201910,173,100.28571428571429,119.57142857142857
2019-03-07,201910,62,104.85714285714286,114.21428571428571
2019-03-08,201910,39,99.14285714285714,109.14285714285714
2019-03-09,201910,50,102.0,109.5
2019-03-11,201911,130,112.0,112.35714285714286
2019-03-12,201911,119,116.14285714285714,112.28571428571429
2019-03-13,201911,52,89.28571428571429,115.28571428571429
2019-03-14,201911,109,80.14285714285714,90.21428571428571
2019-03-15,201911,126,89.28571428571429,97.07142857142857
2019-03-18,201912,210,113.71428571428571,106.42857142857143
2019-03-19,201912,26,110.28571428571429,106.14285714285714
2019-03-20,201912,125,109.57142857142857,110.78571428571429
2019-03-21,201912,96,106.28571428571429,111.21428571428571
2019-03-22,201912,63,107.85714285714286,98.57142857142857
2019-03-25,201913,49,99.28571428571429,89.71428571428571
2019-03-26,201913,75,92.0,90.64285714285714
2019-03-27,201913,100,76.28571428571429,95.0
2019-03-28,201913,30,76.85714285714286,93.57142857142857
2019-03-29,201913,130,77.57142857142857,93.57142857142857
2019-03-30,201913,80,75.28571428571429,90.78571428571429
2019-04-01,201914,241,100.71428571428571,104.28571428571429
2019-04-02,201914,230,126.57142857142857,112.92857142857143
2019-04-03,201914,110,131.57142857142858,111.78571428571429
2019-04-04,201914,82,129.0,102.64285714285714
2019-04-05,201914,50,131.85714285714286,104.35714285714286
2019-04-06,201914,10,114.71428571428571,96.14285714285714
2019-04-08,201915,213,133.71428571428572,104.5
2019-04-09,201915,150,120.71428571428571,110.71428571428571
2019-04-10,201915,70,97.85714285714286,112.21428571428571
2019-04-11,201915,97,96.0,113.78571428571429
2019-04-12,201915,75,95.0,112.0
2019-04-15,201916,250,123.57142857142857,127.71428571428571
2019-04-16,201916,85,134.28571428571428,124.5
2019-04-17,201916,202,132.71428571428572,133.21428571428572
2019-04-18,201916,86,123.57142857142857,122.14285714285714
2019-04-19,201916,162,136.71428571428572,117.28571428571429
2019-04-22,201917,75,133.57142857142858,114.78571428571429
2019-04-23,201917,67,132.42857142857142,113.71428571428571
2019-04-24,201917,218,127.85714285714286,125.71428571428571
2019-04-25,201917,42,121.71428571428571,128.0
2019-04-26,201917,124,110.57142857142857,121.64285714285714
2019-04-29,201918,73,108.71428571428571,116.14285714285714
2019-04-30,201918,187,112.28571428571429,124.5
2019-05-01,201918,127,119.71428571428571,126.64285714285714
2019-05-02,201918,67,119.71428571428571,126.07142857142857
2019-05-03,201918,175,113.57142857142857,120.71428571428571
2019-05-06,201919,20,110.42857142857143,116.07142857142857
2019-05-07,201919,215,123.42857142857143,117.0
2019-05-08,201919,165,136.57142857142858,122.64285714285714
2019-05-09,201919,140,129.85714285714286,121.07142857142857
2019-05-10,201919,12,113.42857142857143,116.57142857142857
2019-05-11,201919,50,111.0,115.35714285714286
2019-05-13,201920,145,106.71428571428571,110.14285714285714
2019-05-14,201920,130,122.42857142857143,116.42857142857143
2019-05-15,201920,65,101.0,112.21428571428571
2019-05-16,201920,130,96.0,116.28571428571429
2019-05-17,201920,38,81.42857142857143,105.64285714285714
2019-05-18,201920,40,85.42857142857143,99.42857142857143
2019-05-20,201921,34,83.14285714285714,97.07142857142857
2019-05-21,201921,155,84.57142857142857,95.64285714285714
2019-05-22,201921,70,76.0,99.21428571428571
2019-05-23,201921,67,76.28571428571429,88.64285714285714
2019-05-24,201921,195,85.57142857142857,90.78571428571429
2019-05-27,201922,30,84.42857142857143,82.92857142857143
2019-05-28,201922,61,87.42857142857143,86.42857142857143
2019-05-30,201922,110,98.28571428571429,90.71428571428571
2019-05-31,201922,14,78.14285714285714,81.35714285714286
2019-06-01,201922,46,74.71428571428571,75.35714285714286
2019-06-03,201923,208,94.85714285714286,85.57142857142857
2019-06-04,201923,314,111.85714285714286,98.71428571428571
2019-06-05,201923,245,142.57142857142858,113.5
2019-06-07,201923,140,153.85714285714286,120.64285714285714
2019-06-10,201924,221,169.71428571428572,134.0
2019-06-11,201924,52,175.14285714285714,126.64285714285714
2019-06-12,201924,27,172.42857142857142,123.57142857142857
2019-06-13,201924,15,144.85714285714286,119.85714285714286
2019-06-14,201924,53,107.57142857142857,109.71428571428571
2019-06-17,201925,170,96.85714285714286,119.71428571428571
2019-06-18,201925,99,91.0,122.42857142857143
2019-06-19,201925,60,68.0,118.85714285714286
2019-06-20,201925,300,103.42857142857143,139.28571428571428
2019-06-21,201925,53,107.14285714285714,139.78571428571428
2019-06-24,201926,50,112.14285714285714,128.5
2019-06-25,201926,20,107.42857142857143,107.5
2019-06-26,201926,140,103.14285714285714,100.0
2019-06-27,201926,85,101.14285714285714,96.07142857142857
2019-06-28,201926,82,104.28571428571429,86.14285714285714
2019-06-29,201926,50,68.57142857142857,86.0
2019-07-01,201927,93,74.28571428571429,90.71428571428571
2019-07-02,201927,100,81.42857142857143,96.78571428571429
2019-07-03,201927,130,97.14285714285714,102.28571428571429
2019-07-04,201927,35,82.14285714285714,92.64285714285714
2019-07-05,201927,10,71.42857142857143,86.28571428571429
2019-07-06,201927,80,71.14285714285714,87.71428571428571
2019-07-08,201928,111,79.85714285714286,74.21428571428571
2019-07-09,201928,75,77.28571428571429,75.78571428571429
2019-07-10,201928,155,85.14285714285714,83.28571428571429
2019-07-11,201928,119,83.57142857142857,90.35714285714286
2019-07-12,201928,190,105.71428571428571,93.92857142857143
2019-07-13,201928,20,107.14285714285714,89.28571428571429
2019-07-15,201929,200,124.28571428571429,97.71428571428571
2019-07-16,201929,140,128.42857142857142,104.14285714285714
2019-07-17,201929,88,130.28571428571428,103.78571428571429
2019-07-18,201929,10,109.57142857142857,97.35714285714286
2019-07-19,201929,66,102.0,92.78571428571429
2019-07-22,201930,180,100.57142857142857,103.14285714285714
2019-07-23,201930,56,105.71428571428571,106.42857142857143
2019-07-24,201930,198,105.42857142857143,114.85714285714286
2019-07-25,201930,60,94.0,111.21428571428571
2019-07-26,201930,64,90.57142857142857,110.42857142857143
2019-07-29,201931,36,94.28571428571429,101.92857142857143
2019-07-30,201931,61,93.57142857142857,97.78571428571429
2019-07-31,201931,50,75.0,87.78571428571429
2019-08-02,201931,14,69.0,87.35714285714286
2019-08-05,201932,46,47.285714285714285,76.35714285714286
2019-08-06,201932,90,51.57142857142857,72.78571428571429
2019-08-07,201932,116,59.0,74.78571428571429
2019-08-08,201932,102,68.42857142857143,81.35714285714286
2019-08-09,201932,30,64.0,78.78571428571429
2019-08-10,201932,20,59.714285714285715,67.35714285714286
2019-08-12,201933,68,67.42857142857143,68.21428571428571
2019-08-13,201933,79,72.14285714285714,59.714285714285715
2019-08-14,201933,140,79.28571428571429,65.42857142857143
2019-08-16,201933,44,69.0,64.0
2019-08-19,201934,130,73.0,70.71428571428571
2019-08-20,201934,736,173.85714285714286,118.92857142857143
2019-08-21,201934,110,186.71428571428572,123.21428571428571
2019-08-22,201934,30,181.28571428571428,124.35714285714286
2019-08-23,201934,74,180.57142857142858,126.35714285714286
2019-08-26,201935,201,189.28571428571428,134.28571428571428
2019-08-27,201935,80,194.42857142857142,131.71428571428572
2019-08-28,201935,120,193.0,133.0
2019-08-29,201935,90,100.71428571428571,137.28571428571428
2019-08-30,201935,40,90.71428571428571,138.71428571428572
2019-09-02,201936,164,109.85714285714286,145.57142857142858
2019-09-03,201936,144,119.85714285714286,150.21428571428572
2019-09-04,201936,10,92.57142857142857,140.92857142857142
2019-09-05,201936,90,94.0,144.21428571428572
2019-09-06,201936,93,90.14285714285714,141.57142857142858
2019-09-09,201937,109,92.85714285714286,96.78571428571429
2019-09-10,201937,32,91.71428571428571,91.21428571428571
2019-09-16,201938,84,80.28571428571429,95.07142857142857
2019-09-17,201938,105,74.71428571428571,97.28571428571429
2019-09-18,201938,70,83.28571428571429,87.92857142857143
2019-09-19,201938,125,88.28571428571429,91.14285714285714
2019-09-20,201938,34,79.85714285714286,85.0
2019-09-23,201939,214,94.85714285714286,93.85714285714286
2019-09-24,201939,74,100.85714285714286,96.28571428571429
2019-09-25,201939,6,89.71428571428571,85.0
2019-09-26,201939,80,86.14285714285714,80.42857142857143
2019-09-27,201939,20,79.0,81.14285714285714
2019-09-30,201940,45,67.57142857142857,77.92857142857143
2019-10-01,201940,84,74.71428571428571,77.28571428571429
2019-10-02,201940,65,53.42857142857143,74.14285714285714
2019-10-04,201940,170,67.14285714285714,84.0
2019-10-05,201940,60,74.85714285714286,82.28571428571429
2019-10-07,201941,220,94.85714285714286,90.5
2019-10-08,201941,175,117.0,98.0
2019-10-09,201941,15,112.71428571428571,90.14285714285714
2019-10-10,201941,418,160.42857142857142,117.57142857142857
2019-10-11,201941,435,213.28571428571428,133.35714285714286
2019-10-12,201941,20,191.85714285714286,129.5
2019-10-15,201942,28,187.28571428571428,131.07142857142858
2019-10-16,201942,112,171.85714285714286,133.35714285714286
2019-10-17,201942,309,191.0,154.0
2019-10-18,201942,85,201.0,156.85714285714286
2019-10-19,201942,80,152.71428571428572,156.57142857142858
2019-10-21,201943,45,97.0,155.14285714285714
2019-10-22,201943,44,100.42857142857143,146.14285714285714
2019-10-23,201943,42,102.42857142857143,144.85714285714286
2019-10-24,201943,51,93.71428571428571,132.78571428571428
2019-10-25,201943,130,68.14285714285714,129.57142857142858
2019-10-28,201944,12,57.714285714285715,129.35714285714286
2019-10-29,201944,50,53.42857142857143,103.07142857142857
2019-10-30,201944,16,49.285714285714285,73.14285714285714
2019-10-31,201944,80,54.42857142857143,77.42857142857143
2019-11-01,201944,70,58.42857142857143,80.42857142857143
2019-11-02,201944,4,51.714285714285715,72.71428571428571
2019-11-04,201945,280,73.14285714285714,70.64285714285714
2019-11-05,201945,50,78.57142857142857,68.14285714285714
2019-11-06,201945,60,80.0,66.71428571428571
2019-11-07,201945,60,86.28571428571429,67.78571428571429
2019-11-08,201945,59,83.28571428571429,68.85714285714286
2019-11-11,201946,162,96.42857142857143,77.42857142857143
2019-11-12,201946,604,182.14285714285714,116.92857142857143
2019-11-13,201946,20,145.0,109.07142857142857
2019-11-14,201946,27,141.71428571428572,110.14285714285714
2019-11-15,201946,50,140.28571428571428,110.14285714285714
2019-11-18,201947,64,140.85714285714286,113.57142857142857
2019-11-19,201947,71,142.57142857142858,112.92857142857143
2019-11-20,201947,25,123.0,109.71428571428571
2019-11-21,201947,38,42.142857142857146,112.14285714285714
2019-11-25,201948,50,46.42857142857143,95.71428571428571
2019-11-26,201948,60,51.142857142857146,96.42857142857143
2019-11-27,201948,58,52.285714285714285,96.28571428571429
2019-11-28,201948,36,48.285714285714285,94.57142857142857
2019-11-29,201948,80,49.57142857142857,96.07142857142857
2019-12-02,201949,75,56.714285714285715,89.85714285714286
2019-12-03,201949,125,69.14285714285714,55.642857142857146
2019-12-04,201949,145,82.71428571428571,64.57142857142857
2019-12-05,201949,103,88.85714285714286,70.0
2019-12-06,201949,45,87.0,69.64285714285714
2019-12-07,201949,20,84.71428571428571,66.5
2019-12-09,201950,75,84.0,66.78571428571429
2019-12-10,201950,125,91.14285714285714,73.92857142857143
2019-12-11,201950,9,74.57142857142857,71.85714285714286
2019-12-12,201950,11,55.42857142857143,69.07142857142857
2019-12-13,201950,40,46.42857142857143,67.64285714285714
2019-12-14,201950,352,90.28571428571429,88.64285714285714
2019-12-16,201951,80,98.85714285714286,91.78571428571429
2019-12-17,201951,170,112.42857142857143,98.21428571428571
2019-12-18,201951,18,97.14285714285714,94.14285714285714
2019-12-19,201951,34,100.71428571428571,87.64285714285714
2019-12-20,201951,29,103.28571428571429,79.35714285714286
2019-12-21,201951,40,103.28571428571429,74.85714285714286
2019-12-23,201952,43,59.142857142857146,74.71428571428571
2019-12-24,201952,84,59.714285714285715,79.28571428571429
2019-12-26,201952,90,48.285714285714285,80.35714285714286
2019-12-27,201952,88,58.285714285714285,77.71428571428571
2019-12-30,201901,70,63.42857142857143,82.07142857142857
2019-12-31,201901,8,60.42857142857143,81.85714285714286
2020-01-02,202001,137,74.28571428571429,88.78571428571429
2020-01-03,202001,217,99.14285714285714,79.14285714285714
2020-01-06,202002,193,114.71428571428571,87.21428571428571
2020-01-07,202002,76,112.71428571428571,80.5
2020-01-08,202002,524,175.0,116.64285714285714
2020-01-09,202002,41,170.85714285714286,117.14285714285714
2020-01-10,202002,545,247.57142857142858,154.0
2020-01-13,202003,81,239.57142857142858,156.92857142857142
2020-01-14,202003,33,213.28571428571428,156.21428571428572
2020-01-15,202003,49,192.71428571428572,153.71428571428572
2020-01-16,202003,10,183.28571428571428,148.0
2020-01-17,202003,80,119.85714285714286,147.42857142857142
2020-01-20,202004,60,122.57142857142857,146.71428571428572
2020-01-21,202004,30,49.0,148.28571428571428
2020-01-22,202004,20,40.285714285714285,139.92857142857142
2020-01-23,202004,20,38.42857142857143,125.85714285714286
2020-01-28,202005,67,41.0,116.85714285714286
2020-01-29,202005,54,47.285714285714285,115.28571428571429
2020-01-30,202005,36,41.0,80.42857142857143
2020-01-31,202005,210,62.42857142857143,92.5
2020-02-01,202005,5,58.857142857142854,53.92857142857143
2020-02-03,202006,254,92.28571428571429,66.28571428571429
2020-02-04,202006,79,100.71428571428571,69.57142857142857
2020-02-05,202006,192,118.57142857142857,79.78571428571429
2020-02-06,202006,20,113.71428571428571,80.5
2020-02-07,202006,75,119.28571428571429,80.14285714285714
2020-02-10,202007,70,99.28571428571429,80.85714285714286
2020-02-11,202007,32,103.14285714285714,81.0
2020-02-12,202007,120,84.0,88.14285714285714
2020-02-13,202007,94,86.14285714285714,93.42857142857143
2020-02-14,202007,100,73.0,95.78571428571429
2020-02-15,202007,25,73.71428571428571,93.71428571428571
2020-02-17,202008,74,73.57142857142857,96.42857142857143
2020-02-18,202008,31,68.0,83.64285714285714
2020-02-19,202008,23,66.71428571428571,84.92857142857143
2020-02-20,202008,130,68.14285714285714,76.07142857142857
2020-02-21,202008,50,61.857142857142854,74.0
2020-02-24,202009,109,63.142857142857146,68.07142857142857
2020-02-25,202009,44,65.85714285714286,69.78571428571429
2020-02-26,202009,56,63.285714285714285,68.42857142857143
2020-02-27,202009,118,75.71428571428571,71.85714285714286
2020-02-28,202009,65,81.71428571428571,74.21428571428571
2020-02-29,202009,10,64.57142857142857,66.35714285714286
2020-03-02,202010,293,99.28571428571429,80.57142857142857
2020-03-03,202010,269,122.14285714285714,92.64285714285714
2020-03-04,202010,70,125.85714285714286,95.85714285714286
2020-03-05,202010,104,132.71428571428572,98.0
2020-03-06,202010,147,136.85714285714286,106.28571428571429
2020-03-09,202011,140,147.57142857142858,114.64285714285714
2020-03-10,202011,20,149.0,106.78571428571429
2020-03-11,202011,77,118.14285714285714,108.71428571428571
2020-03-12,202011,86,92.0,107.07142857142857
2020-03-13,202011,113,98.14285714285714,112.0
2020-03-14,202011,20,86.14285714285714,109.42857142857143
2020-03-16,202012,122,82.57142857142857,109.71428571428571
2020-03-17,202012,170,86.85714285714286,117.21428571428571
2020-03-18,202012,44,90.28571428571429,119.64285714285714
2020-03-19,202012,5,80.0,99.07142857142857
2020-03-20,202012,18,70.28571428571429,81.14285714285714
2020-03-23,202013,62,63.0,80.57142857142857
2020-03-24,202013,23,63.42857142857143,74.78571428571429
2020-03-25,202013,243,80.71428571428571,81.64285714285714
2020-03-26,202013,36,61.57142857142857,74.21428571428571
2020-03-27,202013,108,70.71428571428571,80.5
2020-03-28,202013,20,72.85714285714286,76.42857142857143
2020-03-30,202014,47,77.0,73.64285714285714
2020-03-31,202014,244,103.0,83.0
2020-04-01,202014,272,138.57142857142858,101.0
2020-04-02,202014,90,116.71428571428571,98.71428571428571
2020-04-03,202014,285,152.28571428571428,106.92857142857143
2020-04-06,202015,92,150.0,110.35714285714286
2020-04-07,202015,74,157.71428571428572,115.28571428571429
2020-04-08,202015,56,159.0,118.0
2020-04-09,202015,135,143.42857142857142,123.21428571428571
2020-04-10,202015,110,120.28571428571429,129.42857142857142
2020-04-13,202016,62,116.28571428571429,116.5
2020-04-14,202016,75,86.28571428571429,119.28571428571429
2020-04-16,202016,149,94.42857142857143,122.21428571428571
2020-04-17,202016,48,90.71428571428571,124.21428571428571
2020-04-20,202017,38,88.14285714285714,123.57142857142857
2020-04-21,202017,135,88.14285714285714,115.78571428571429
2020-04-22,202017,2,72.71428571428571,96.5
2020-04-23,202017,63,72.85714285714286,94.57142857142857
2020-04-24,202017,4,62.714285714285715,74.5
2020-04-27,202018,70,51.42857142857143,72.92857142857143
2020-04-28,202018,261,81.85714285714286,86.28571428571429
2020-04-29,202018,44,82.71428571428571,85.42857142857143
2020-05-01,202018,20,66.28571428571429,77.21428571428571
2020-05-02,202018,10,67.42857142857143,70.07142857142857
2020-05-04,202019,130,77.0,74.92857142857143
2020-05-06,202019,297,118.85714285714286,90.78571428571429
2020-05-07,202019,188,135.71428571428572,93.57142857142857
2020-05-08,202019,44,104.71428571428571,93.28571428571429
2020-05-11,202020,88,111.0,96.85714285714286
2020-05-12,202020,68,117.85714285714286,92.07142857142857
2020-05-13,202020,200,145.0,106.21428571428571
2020-05-14,202020,100,140.71428571428572,108.85714285714286
2020-05-15,202020,45,104.71428571428571,111.78571428571429
2020-05-18,202021,100,92.14285714285714,113.92857142857143
2020-05-19,202021,109,101.42857142857143,103.07142857142857
2020-05-20,202021,132,107.71428571428571,109.35714285714286
2020-05-21,202021,25,101.57142857142857,109.71428571428571
2020-05-22,202021,89,85.71428571428571,115.35714285714286
2020-05-25,202022,163,94.71428571428571,117.71428571428571
2020-05-26,202022,49,95.28571428571429,100.0
2020-05-27,202022,47,87.71428571428571,89.92857142857143
2020-05-28,202022,40,77.85714285714286,89.64285714285714
2020-05-29,202022,20,61.857142857142854,84.78571428571429
2020-06-01,202023,125,76.14285714285714,88.85714285714286
2020-06-02,202023,257,100.14285714285714,92.92857142857143
2020-06-03,202023,70,86.85714285714286,90.78571428571429
2020-06-04,202023,153,101.71428571428571,98.5
2020-06-05,202023,50,102.14285714285714,94.92857142857143
2020-06-06,202023,10,97.85714285714286,87.85714285714286
2020-06-08,202024,110,110.71428571428571,86.28571428571429
2020-06-09,202024,255,129.28571428571428,102.71428571428571
2020-06-10,202024,46,99.14285714285714,99.64285714285714
2020-06-11,202024,85,101.28571428571429,94.07142857142857
2020-06-12,202024,42,85.42857142857143,93.57142857142857
2020-06-13,202024,3,78.71428571428571,90.42857142857143
2020-06-15,202025,109,92.85714285714286,95.35714285714286
2020-06-16,202025,50,84.28571428571429,97.5
2020-06-17,202025,110,63.57142857142857,96.42857142857143
2020-06-18,202025,116,73.57142857142857,86.35714285714286
2020-06-19,202025,105,76.42857142857143,88.85714285714286
2020-06-22,202026,130,89.0,87.21428571428571
2020-06-23,202026,100,102.85714285714286,90.78571428571429
2020-06-24,202026,49,94.28571428571429,93.57142857142857
2020-06-25,202026,84,99.14285714285714,91.71428571428571
2020-06-26,202026,57,91.57142857142857,77.57142857142857
2020-06-29,202027,82,86.71428571428571,80.14285714285714
2020-06-30,202027,71,81.85714285714286,79.14285714285714
2020-07-01,202027,131,82.0,85.5
2020-07-02,202027,61,76.42857142857143,89.64285714285714
2020-07-03,202027,95,83.0,88.64285714285714
2020-07-06,202028,211,101.14285714285714,100.14285714285714
2020-07-07,202028,94,106.42857142857143,99.0
2020-07-08,202028,102,109.28571428571429,98.0
2020-07-09,202028,227,131.57142857142858,106.71428571428571
2020-07-10,202028,49,119.85714285714286,100.92857142857143
2020-07-13,202029,151,132.71428571428572,104.57142857142857
2020-07-14,202029,162,142.28571428571428,112.64285714285714
2020-07-15,202029,40,117.85714285714286,109.5
2020-07-16,202029,33,109.14285714285714,107.78571428571429
2020-07-17,202029,160,117.42857142857143,113.35714285714286
2020-07-20,202030,124,102.71428571428571,117.14285714285714
2020-07-21,202030,5,96.42857142857143,108.14285714285714
2020-07-22,202030,40,80.57142857142857,106.64285714285714
2020-07-23,202030,116,74.0,108.14285714285714
2020-07-24,202030,60,76.85714285714286,97.35714285714286
2020-07-25,202030,5,72.85714285714286,91.0
2020-07-27,202031,94,63.42857142857143,90.42857142857143
2020-07-28,202031,6,46.57142857142857,74.64285714285714
2020-07-29,202031,60,54.42857142857143,75.42857142857143
2020-07-30,202031,648,141.28571428571428,110.92857142857143
2020-07-31,202031,57,132.85714285714286,103.42857142857143
2020-08-03,202032,45,130.71428571428572,103.78571428571429
2020-08-04,202032,40,135.71428571428572,104.28571428571429
2020-08-05,202032,80,133.71428571428572,98.57142857142857
2020-08-06,202032,101,147.28571428571428,96.92857142857143
2020-08-07,202032,25,142.28571428571428,98.35714285714286
2020-08-10,202033,424,110.28571428571429,125.78571428571429
2020-08-11,202033,246,137.28571428571428,135.07142857142858
2020-08-12,202033,190,158.0,144.35714285714286
2020-08-13,202033,3,152.71428571428572,144.21428571428572
2020-08-14,202033,20,144.14285714285714,138.92857142857142
2020-08-17,202034,11,131.28571428571428,139.28571428571428
2020-08-18,202034,170,152.0,147.14285714285714
2020-08-19,202034,140,111.42857142857143,110.85714285714286
2020-08-20,202034,99,90.42857142857143,113.85714285714286
2020-08-21,202034,86,75.57142857142857,116.78571428571429
2020-08-22,202034,10,76.57142857142857,114.64285714285714
2020-08-24,202035,98,87.71428571428571,115.92857142857143
2020-08-25,202035,42,92.14285714285714,111.71428571428571
2020-08-26,202035,96,81.57142857142857,116.78571428571429
2020-08-27,202035,84,73.57142857142857,92.5
2020-08-28,202035,46,66.0,78.21428571428571
2020-08-31,202036,114,70.0,72.78571428571429
2020-09-01,202036,211,98.71428571428571,87.64285714285714
2020-09-02,202036,134,103.85714285714286,95.78571428571429
2020-09-03,202036,45,104.28571428571429,98.21428571428571
2020-09-04,202036,59,99.0,90.28571428571429
2020-09-07,202037,224,119.0,96.28571428571429
2020-09-08,202037,133,131.42857142857142,98.71428571428571
2020-09-09,202037,114,131.42857142857142,100.71428571428571
2020-09-10,202037,48,108.14285714285714,103.42857142857143
2020-09-11,202037,127,107.14285714285714,105.5
2020-09-12,202037,10,102.14285714285714,103.21428571428571
2020-09-14,202038,50,100.85714285714286,99.92857142857143
2020-09-15,202038,123,86.42857142857143,102.71428571428571
2020-09-16,202038,54,75.14285714285714,103.28571428571429
2020-09-17,202038,20,61.714285714285715,96.57142857142857
2020-09-18,202038,57,63.0,85.57142857142857
2020-09-21,202039,74,55.42857142857143,81.28571428571429
2020-09-22,202039,142,74.28571428571429,88.21428571428571
2020-09-23,202039,78,78.28571428571429,89.57142857142857
2020-09-24,202039,66,70.14285714285714,78.28571428571429
2020-09-25,202039,52,69.85714285714286,72.5
2020-09-28,202040,150,88.42857142857143,75.07142857142857
2020-10-05,202041,245,115.28571428571429,89.14285714285714
2020-10-06,202041,100,119.0,87.21428571428571
2020-10-07,202041,178,124.14285714285714,99.21428571428571
2020-10-08,202041,64,122.14285714285714,100.21428571428571
2020-10-09,202041,5,113.42857142857143,91.78571428571429
2020-10-10,202041,40,111.71428571428571,90.78571428571429
2020-10-12,202042,140,110.28571428571429,99.35714285714286
2020-10-13,202042,100,89.57142857142857,102.42857142857143
2020-10-14,202042,125,93.14285714285714,106.07142857142857
2020-10-15,202042,110,83.42857142857143,103.78571428571429
2020-10-16,202042,110,90.0,106.07142857142857
2020-10-17,202042,20,92.14285714285714,102.78571428571429
2020-10-19,202043,318,131.85714285714286,121.78571428571429
2020-10-20,202043,25,115.42857142857143,112.85714285714286
2020-10-21,202043,33,105.85714285714286,97.71428571428571
2020-10-22,202043,30,92.28571428571429,92.71428571428571
2020-10-23,202043,65,85.85714285714286,84.64285714285714
2020-10-26,202044,126,88.14285714285714,89.07142857142857
2020-10-27,202044,77,96.28571428571429,94.21428571428571
2020-10-28,202044,84,62.857142857142854,97.35714285714286
2020-10-29,202044,8,60.42857142857143,87.92857142857143
2020-10-30,202044,48,62.57142857142857,84.21428571428571
2020-11-02,202045,150,79.71428571428571,86.0
2020-11-03,202045,303,113.71428571428571,99.78571428571429
2020-11-04,202045,50,102.85714285714286,95.5
2020-11-05,202045,80,103.28571428571429,99.78571428571429
2020-11-06,202045,44,97.57142857142857,80.21428571428571
2020-11-07,202045,20,99.28571428571429,79.85714285714286
2020-11-09,202046,99,106.57142857142857,84.57142857142857
2020-11-10,202046,16,87.42857142857143,83.57142857142857
2020-11-11,202046,99,58.285714285714285,86.0
2020-11-12,202046,90,64.0,83.42857142857143
2020-11-13,202046,20,55.42857142857143,79.35714285714286
2020-11-16,202047,252,85.14285714285714,91.35714285714286
2020-11-17,202047,40,88.0,93.64285714285714
2020-11-18,202047,35,78.85714285714286,92.71428571428571
2020-11-19,202047,60,85.14285714285714,86.28571428571429
2020-11-20,202047,45,77.42857142857143,67.85714285714286
2020-11-21,202047,60,73.14285714285714,68.57142857142857
2020-11-23,202048,68,80.0,67.71428571428571
2020-11-24,202048,196,72.0,78.57142857142857
2020-11-25,202048,35,71.28571428571429,79.64285714285714
2020-11-26,202048,49,73.28571428571429,76.07142857142857
2020-11-27,202048,40,70.42857142857143,77.78571428571429
2020-11-30,202049,40,69.71428571428571,73.57142857142857
2020-12-01,202049,69,71.0,72.07142857142857
2020-12-02,202049,82,73.0,76.5
2020-12-03,202049,172,69.57142857142857,70.78571428571429
2020-12-04,202049,26,68.28571428571429,69.78571428571429
2020-12-07,202050,65,70.57142857142857,71.92857142857143
2020-12-08,202050,94,78.28571428571429,74.35714285714286
2020-12-09,202050,125,90.42857142857143,80.07142857142857
2020-12-10,202050,63,89.57142857142857,80.28571428571429
2020-12-11,202050,56,85.85714285714286,79.42857142857143
2020-12-12,202050,20,64.14285714285714,66.85714285714286
2020-12-14,202051,145,81.14285714285714,74.71428571428571
2020-12-15,202051,19,74.57142857142857,72.57142857142857
2020-12-16,202051,108,76.57142857142857,77.42857142857143
2020-12-17,202051,94,72.14285714285714,81.28571428571429
2020-12-18,202051,85,75.28571428571429,82.42857142857143
2020-12-21,202052,909,197.14285714285714,141.5
2020-12-22,202052,175,219.28571428571428,141.71428571428572
2020-12-23,202052,84,210.57142857142858,145.85714285714286
2020-12-24,202052,100,222.14285714285714,148.35714285714286
2020-12-28,202053,170,231.0,153.78571428571428
2020-12-29,202053,28,221.57142857142858,146.85714285714286
2020-12-30,202053,12,211.14285714285714,143.21428571428572
2020-12-31,202053,70,91.28571428571429,144.21428571428572
2021-01-02,202153,20,69.14285714285714,144.21428571428572
2021-01-04,202101,225,89.28571428571429,149.92857142857142
2021-01-05,202101,129,93.42857142857143,157.78571428571428
2021-01-06,202101,15,71.28571428571429,151.14285714285714
2021-01-07,202101,35,72.28571428571429,146.92857142857142
2021-01-08,202101,104,85.42857142857143,148.28571428571428
2021-01-09,202101,3,75.85714285714286,83.57142857142857
2021-01-11,202102,110,88.71428571428571,78.92857142857143
2021-01-12,202102,63,65.57142857142857,77.42857142857143
2021-01-13,202102,60,55.714285714285715,74.57142857142857
2021-01-14,202102,23,56.857142857142854,64.07142857142857
2021-01-15,202102,20,54.714285714285715,63.5
2021-01-18,202103,73,50.285714285714285,67.85714285714286
2021-01-19,202103,15,52.0,63.92857142857143
2021-01-20,202103,67,45.857142857142854,67.28571428571429
2021-01-21,202103,22,40.0,52.785714285714285
2021-01-22,202103,25,35.0,45.357142857142854
2021-01-23,202103,2,32.0,44.42857142857143
2021-01-25,202104,172,53.714285714285715,54.214285714285715
2021-01-26,202104,100,57.57142857142857,53.92857142857143
2021-01-27,202104,45,61.857142857142854,56.92857142857143
2021-01-28,202104,20,55.142857142857146,50.5
2021-01-29,202104,70,62.0,51.0
2021-01-30,202104,10,59.857142857142854,47.42857142857143
2021-02-01,202105,138,79.28571428571429,55.642857142857146
2021-02-02,202105,40,60.42857142857143,57.07142857142857
2021-02-03,202105,80,57.57142857142857,57.57142857142857
2021-02-04,202105,92,64.28571428571429,63.07142857142857
2021-02-05,202105,29,65.57142857142857,60.357142857142854
2021-02-08,202106,200,84.14285714285714,73.07142857142857
2021-02-09,202106,42,88.71428571428571,74.28571428571429
2021-02-15,202107,110,84.71428571428571,82.0
2021-02-16,202107,123,96.57142857142857,78.5
2021-02-17,202107,87,97.57142857142857,77.57142857142857
2021-02-18,202107,137,104.0,84.14285714285714
2021-02-19,202107,524,174.71428571428572,120.14285714285714
2021-02-20,202107,40,151.85714285714286,118.0
2021-02-22,202108,93,159.14285714285714,123.92857142857143
2021-02-23,202108,95,157.0,120.85714285714286
2021-02-24,202108,40,145.14285714285714,120.85714285714286
2021-02-25,202108,922,264.42857142857144,181.0
2021-02-26,202108,3,245.28571428571428,174.64285714285714
2021-02-27,202108,20,173.28571428571428,174.0
2021-03-01,202109,10,169.0,160.42857142857142
2021-03-02,202109,320,201.42857142857142,180.28571428571428
2021-03-03,202109,49,194.85714285714286,175.92857142857142
2021-03-04,202109,86,201.42857142857142,173.28571428571428
2021-03-05,202109,68,79.42857142857143,171.92857142857142
2021-03-06,202109,63,88.0,166.64285714285714
2021-03-08,202110,88,97.71428571428571,135.5
2021-03-09,202110,115,112.71428571428571,140.85714285714286
2021-03-10,202110,94,80.42857142857143,140.92857142857142
2021-03-11,202110,126,91.42857142857143,143.14285714285714
2021-03-12,202110,83,91.0,146.21428571428572
2021-03-15,202111,73,91.71428571428571,85.57142857142857
2021-03-16,202111,286,123.57142857142857,105.78571428571429
2021-03-17,202111,162,134.14285714285714,115.92857142857143
2021-03-18,202111,55,125.57142857142857,119.14285714285714
2021-03-19,202111,109,127.71428571428571,104.07142857142857
2021-03-20,202111,5,110.42857142857143,100.92857142857143
2021-03-22,202112,60,107.14285714285714,99.07142857142857
2021-03-23,202112,185,123.14285714285714,107.42857142857143
2021-03-24,202112,43,88.42857142857143,106.0
2021-03-25,202112,123,82.85714285714286,108.5
2021-03-26,202112,154,97.0,111.28571428571429
2021-03-29,202113,4,82.0,104.85714285714286
2021-03-30,202113,103,96.0,103.21428571428571
2021-03-31,202113,61,96.14285714285714,101.64285714285714
2021-04-01,202113,145,90.42857142857143,106.78571428571429
2021-04-02,202113,90,97.14285714285714,92.78571428571429
2021-04-03,202113,40,85.28571428571429,84.07142857142857
2021-04-05,202114,50,70.42857142857143,83.71428571428571
2021-04-06,202114,191,97.14285714285714,89.57142857142857
2021-04-07,202114,134,101.57142857142857,98.78571428571429
2021-04-08,202114,213,123.28571428571429,109.71428571428571
2021-04-09,202114,150,124.0,107.21428571428571
2021-04-12,202115,175,136.14285714285714,116.64285714285714
2021-04-13,202115,1268,311.57142857142856,198.42857142857142
2021-04-14,202115,92,317.57142857142856,194.0
2021-04-15,202115,102,304.85714285714283,201.0
2021-04-16,202115,60,294.2857142857143,197.92857142857142
2021-04-17,202115,60,272.42857142857144,197.85714285714286
2021-04-19,202116,132,269.85714285714283,196.92857142857142
2021-04-20,202116,85,257.0,196.57142857142858
2021-04-21,202116,80,87.28571428571429,199.42857142857142
2021-04-22,202116,73,84.57142857142857,201.07142857142858
2021-04-23,202116,22,73.14285714285714,189.0
2021-04-26,202117,112,80.57142857142857,187.42857142857142
2021-04-27,202117,127,90.14285714285714,181.28571428571428
2021-04-28,202117,75,82.0,175.92857142857142
2021-04-29,202117,79,81.14285714285714,169.07142857142858
2021-04-30,202117,44,76.0,81.64285714285714
2021-05-03,202118,119,82.57142857142857,83.57142857142857
2021-05-04,202118,109,95.0,84.07142857142857
2021-05-06,202118,88,91.57142857142857,86.07142857142857
2021-05-07,202118,166,97.14285714285714,93.64285714285714
2021-05-10,202119,68,96.14285714285714,89.07142857142857
2021-05-11,202119,95,98.42857142857143,89.78571428571429
2021-05-12,202119,113,108.28571428571429,92.14285714285714
2021-05-13,202119,141,111.42857142857143,97.0
2021-05-14,202119,40,101.57142857142857,98.28571428571429
2021-05-15,202119,45,95.42857142857143,93.5
2021-05-17,202120,45,78.14285714285714,87.64285714285714
2021-05-18,202120,84,80.42857142857143,88.28571428571429
2021-05-19,202120,20,69.71428571428571,84.07142857142857
2021-05-20,202120,98,67.57142857142857,87.92857142857143
2021-05-21,202120,81,59.0,85.21428571428571
2021-05-24,202121,977,192.85714285714286,147.21428571428572
2021-05-25,202121,330,233.57142857142858,164.5
2021-05-26,202121,108,242.57142857142858,160.35714285714286
2021-05-27,202121,70,240.57142857142858,160.5
2021-05-28,202121,132,256.57142857142856,163.14285714285714
2021-05-29,202121,5,243.28571428571428,155.42857142857142
2021-05-31,202122,87,244.14285714285714,151.57142857142858
2021-06-01,202122,149,125.85714285714286,159.35714285714286
2021-06-02,202122,510,151.57142857142858,192.57142857142858
2021-06-03,202122,226,168.42857142857142,205.5
2021-06-04,202122,27,162.28571428571428,201.42857142857142
2021-06-07,202123,66,152.85714285714286,204.71428571428572
2021-06-08,202123,180,177.85714285714286,210.57142857142858
2021-06-09,202123,175,190.42857142857142,217.28571428571428
2021-06-10,202123,118,186.0,155.92857142857142
2021-06-11,202123,54,120.85714285714286,136.21428571428572
2021-06-14,202124,152,110.28571428571429,139.35714285714286
2021-06-15,202124,106,121.57142857142857,141.92857142857142
2021-06-16,202124,22,115.28571428571429,134.07142857142858
2021-06-17,202124,230,122.42857142857143,150.14285714285714
2021-06-18,202124,109,113.0,151.71428571428572
2021-06-19,202124,40,101.85714285714286,143.92857142857142
2021-06-21,202125,120,111.28571428571429,116.07142857142857
2021-06-22,202125,114,105.85714285714286,108.07142857142857
2021-06-23,202125,33,95.42857142857143,108.5
2021-06-24,202125,45,98.71428571428571,107.0
2021-06-25,202125,62,74.71428571428571,98.57142857142857
2021-06-26,202125,60,67.71428571428571,90.35714285714286
2021-06-28,202126,202,90.85714285714286,96.35714285714286
2021-06-29,202126,120,90.85714285714286,101.07142857142857
2021-06-30,202126,107,89.85714285714286,97.85714285714286
2021-07-01,202126,250,120.85714285714286,108.14285714285714
2021-07-02,202126,42,120.42857142857143,109.57142857142857
2021-07-05,202127,125,129.42857142857142,102.07142857142857
2021-07-06,202127,90,133.71428571428572,100.71428571428571
2021-07-07,202127,62,113.71428571428571,102.28571428571429
2021-07-08,202127,105,111.57142857142857,101.21428571428571
2021-07-09,202127,139,116.14285714285714,103.0
2021-07-12,202128,20,83.28571428571429,102.07142857142857
2021-07-13,202128,109,92.85714285714286,106.64285714285714
2021-07-14,202128,110,90.71428571428571,110.07142857142857
2021-07-15,202128,161,100.85714285714286,117.28571428571429
2021-07-16,202128,104,106.85714285714286,110.28571428571429
2021-07-17,202128,40,97.57142857142857,104.57142857142857
2021-07-19,202129,120,94.85714285714286,105.5
2021-07-20,202129,20,94.85714285714286,89.07142857142857
2021-07-21,202129,90,92.14285714285714,92.5
2021-07-22,202129,80,87.85714285714286,89.28571428571429
2021-07-23,202129,173,89.57142857142857,95.21428571428571
2021-07-26,202130,100,89.0,97.92857142857143
2021-07-27,202130,138,103.0,100.28571428571429
2021-07-28,202130,20,88.71428571428571,91.78571428571429
2021-07-29,202130,83,97.71428571428571,96.28571428571429
2021-07-30,202130,42,90.85714285714286,91.5
2021-08-02,202131,23,82.71428571428571,85.28571428571429
2021-08-03,202131,55,65.85714285714286,77.71428571428571
2021-08-04,202131,83,63.42857142857143,76.21428571428571
2021-08-05,202131,54,51.42857142857143,77.21428571428571
2021-08-06,202131,112,64.57142857142857,76.64285714285714
2021-08-07,202131,10,54.142857142857146,75.92857142857143
2021-08-09,202132,259,85.14285714285714,88.0
2021-08-10,202132,194,109.57142857142857,96.14285714285714
2021-08-11,202132,107,117.0,91.42857142857143
2021-08-13,202132,128,123.42857142857143,93.42857142857143
2021-08-16,202133,40,121.42857142857143,86.42857142857143
2021-08-17,202133,140,125.42857142857143,95.0
2021-08-18,202133,119,141.0,97.57142857142857
2021-08-19,202133,150,125.42857142857143,105.28571428571429
2021-08-20,202133,60,106.28571428571429,107.92857142857143
2021-08-23,202134,78,102.14285714285714,109.57142857142857
2021-08-24,202134,320,129.57142857142858,126.5
2021-08-25,202134,80,135.28571428571428,128.35714285714286
2021-08-26,202134,50,122.42857142857143,123.92857142857143
2021-08-27,202134,20,108.28571428571429,124.64285714285714
2021-08-30,202135,53,94.42857142857143,109.92857142857143
2021-08-31,202135,35,90.85714285714286,98.57142857142857
2021-09-01,202135,222,111.42857142857143,106.78571428571429
2021-09-02,202135,100,80.0,104.78571428571429
2021-09-03,202135,40,74.28571428571429,104.78571428571429
2021-09-06,202136,275,106.42857142857143,114.42857142857143
2021-09-07,202136,228,136.14285714285714,122.21428571428571
2021-09-08,202136,60,137.14285714285714,115.78571428571429
2021-09-09,202136,93,145.42857142857142,118.14285714285714
2021-09-10,202136,366,166.0,138.71428571428572
2021-09-13,202137,50,158.85714285714286,119.42857142857143
2021-09-14,202137,80,164.57142857142858,119.42857142857143
2021-09-15,202137,170,149.57142857142858,128.0
2021-09-16,202137,80,128.42857142857142,132.28571428571428
2021-09-17,202137,20,122.71428571428571,129.92857142857142
2021-09-23,202138,110,125.14285714285714,135.28571428571428
2021-09-24,202138,70,82.85714285714286,124.42857142857143
2021-09-25,202138,10,77.14285714285714,118.0
2021-09-27,202139,60,74.28571428571429,119.42857142857143
2021-09-28,202139,140,70.0,109.78571428571429
2021-09-29,202139,110,74.28571428571429,101.35714285714286
2021-09-30,202139,170,95.71428571428571,109.21428571428571
2021-10-01,202139,160,102.85714285714286,114.0
2021-10-02,202139,60,101.42857142857143,92.14285714285714
2021-10-04,202140,20,102.85714285714286,90.0
2021-10-05,202140,102,108.85714285714286,91.57142857142857
2021-10-07,202140,290,130.28571428571428,100.14285714285714
2021-10-08,202140,60,123.14285714285714,98.71428571428571
2021-10-12,202141,30,103.14285714285714,99.42857142857143
2021-10-13,202141,120,97.42857142857143,100.14285714285714
2021-10-14,202141,200,117.42857142857143,109.42857142857143
2021-10-15,202141,100,128.85714285714286,115.85714285714286
2021-10-18,202142,80,125.71428571428571,117.28571428571429
2021-10-19,202142,80,95.71428571428571,113.0
2021-10-20,202142,140,107.14285714285714,115.14285714285714
2021-10-21,202142,65,112.14285714285714,107.64285714285714
2021-10-22,202142,300,137.85714285714286,117.64285714285714
2021-10-23,202142,20,112.14285714285714,114.78571428571429
2021-10-25,202143,120,115.0,121.92857142857143
2021-10-26,202143,20,106.42857142857143,116.07142857142857
2021-10-28,202143,160,117.85714285714286,106.78571428571429
2021-10-29,202143,210,127.85714285714286,117.5
2021-10-30,202143,60,127.14285714285714,119.64285714285714
2021-11-01,202144,70,94.28571428571429,116.07142857142857
2021-11-02,202144,70,101.42857142857143,106.78571428571429
2021-11-03,202144,60,92.85714285714286,103.92857142857143
2021-11-04,202144,40,95.71428571428571,101.07142857142857
2021-11-05,202144,265,110.71428571428571,114.28571428571429
2021-11-06,202144,50,87.85714285714286,107.85714285714286
2021-11-08,202145,58,87.57142857142857,107.35714285714286
2021-11-09,202145,260,114.71428571428571,104.5
2021-11-10,202145,210,134.71428571428572,118.07142857142857
2021-11-11,202145,60,134.71428571428572,113.78571428571429
2021-11-12,202145,120,146.14285714285714,120.92857142857143
2021-11-15,202146,50,115.42857142857143,113.07142857142857
2021-11-17,202146,20,111.14285714285714,99.5
2021-11-19,202146,123,120.42857142857143,104.0
2021-11-20,202146,20,86.14285714285714,100.42857142857143
2021-11-22,202147,20,59.0,96.85714285714286
2021-11-23,202147,80,61.857142857142854,98.28571428571429
2021-11-24,202147,100,59.0,102.57142857142857
2021-11-25,202147,615,139.71428571428572,127.57142857142857
2021-11-27,202147,50,144.0,127.57142857142857
2021-11-29,202148,40,132.14285714285714,126.28571428571429
2021-11-30,202148,70,139.28571428571428,112.71428571428571
2021-12-01,202148,30,140.71428571428572,99.85714285714286
2021-12-02,202148,245,164.28571428571428,113.07142857142857
2021-12-03,202148,260,187.14285714285714,123.07142857142857
2021-12-06,202149,400,156.42857142857142,148.07142857142858
2021-12-07,202149,220,180.71428571428572,162.35714285714286
2021-12-08,202149,540,252.14285714285714,192.14285714285714
2021-12-09,202149,80,253.57142857142858,196.42857142857142
2021-12-10,202149,20,252.14285714285714,196.42857142857142
2021-12-11,202149,40,222.85714285714286,193.57142857142858
2021-12-13,202150,210,215.71428571428572,201.42857142857142
2021-12-14,202150,90,171.42857142857142,163.92857142857142
2021-12-15,202150,102,154.57142857142858,167.64285714285714
2021-12-16,202150,120,94.57142857142857,173.35714285714286
2021-12-17,202150,10,84.57142857142857,169.07142857142858
2021-12-20,202151,220,113.14285714285714,182.64285714285714
2021-12-21,202151,20,110.28571428571429,166.57142857142858
2021-12-22,202151,20,83.14285714285714,149.42857142857142
2021-12-23,202151,90,83.14285714285714,127.28571428571429
2021-12-24,202151,230,101.42857142857143,128.0
2021-12-27,202152,690,182.85714285714286,138.71428571428572
2021-12-28,202152,55,189.28571428571428,136.92857142857142
2021-12-29,202152,124,175.57142857142858,144.35714285714286
2021-12-30,202152,225,204.85714285714286,157.57142857142858
2021-12-31,202152,350,252.0,167.57142857142858
2022-01-04,202201,124,256.85714285714283,170.0
2022-01-05,202201,20,226.85714285714286,164.14285714285714
2022-01-06,202201,21,131.28571428571428,157.07142857142858
2022-01-07,202201,40,129.14285714285714,159.21428571428572
2022-01-10,202202,18,114.0,144.78571428571428
2022-01-12,202202,22,85.0,144.92857142857142
2022-01-13,202202,100,49.285714285714285,150.64285714285714
2022-01-14,202202,72,41.857142857142854,149.35714285714286
2022-01-17,202203,80,50.42857142857143,138.64285714285714
2022-01-18,202203,133,66.42857142857143,98.85714285714286
2022-01-19,202203,160,83.57142857142857,106.35714285714286
2022-01-24,202204,60,89.57142857142857,101.78571428571429
2022-01-25,202204,104,101.28571428571429,93.14285714285714
2022-01-26,202204,20,89.85714285714286,69.57142857142857
2022-01-28,202204,90,92.42857142857143,67.14285714285714
2022-02-02,202205,123,98.57142857142857,74.5
2022-02-04,202205,30,83.85714285714286,75.14285714285714
2022-02-07,202206,10,62.42857142857143,73.0
2022-02-08,202206,160,76.71428571428571,83.14285714285714
2022-02-09,202206,71,72.0,86.64285714285714
2022-02-10,202206,20,72.0,80.92857142857143
2022-02-11,202206,67,68.71428571428571,80.57142857142857
2022-02-14,202207,66,60.57142857142857,79.57142857142857
2022-02-15,202207,80,67.71428571428571,75.78571428571429
2022-02-16,202207,6,67.14285714285714,64.78571428571429
2022-02-17,202207,82,56.0,66.35714285714286
2022-02-21,202208,562,126.14285714285714,99.07142857142857
2022-02-22,202208,66,132.71428571428572,102.35714285714286
2022-02-23,202208,40,128.85714285714286,98.78571428571429
2022-02-25,202208,60,128.0,94.28571428571429
2022-03-01,202209,100,130.85714285714286,99.28571428571429
2022-03-02,202209,80,141.42857142857142,104.28571428571429
2022-03-03,202209,618,218.0,137.0
2022-03-04,202209,70,147.71428571428572,136.92857142857142
2022-03-07,202210,133,157.28571428571428,145.0
2022-03-08,202210,120,168.71428571428572,148.78571428571428
2022-03-10,202210,93,173.42857142857142,150.71428571428572
2022-03-11,202210,15,161.28571428571428,146.07142857142858
2022-03-12,202210,20,152.71428571428572,147.07142857142858
2022-03-14,202211,125,82.28571428571429,150.14285714285714
2022-03-15,202211,89,85.0,116.35714285714286
2022-03-16,202211,40,71.71428571428571,114.5
2022-03-18,202211,82,66.28571428571429,117.5
2022-03-21,202212,77,64.0,118.71428571428571
2022-03-22,202212,20,64.71428571428571,113.0
2022-03-23,202212,65,71.14285714285714,111.92857142857143
2022-03-24,202212,4,53.857142857142854,68.07142857142857
2022-03-25,202212,22,44.285714285714285,64.64285714285714
2022-03-28,202213,46,45.142857142857146,58.42857142857143
2022-03-29,202213,94,46.857142857142854,56.57142857142857
2022-03-30,202213,63,44.857142857142854,54.42857142857143
2022-03-31,202213,23,45.285714285714285,55.0
2022-04-01,202213,95,49.57142857142857,60.357142857142854
2022-04-04,202214,105,64.0,58.92857142857143
2022-04-05,202214,79,72.14285714285714,58.214285714285715
2022-04-06,202214,40,71.28571428571429,58.214285714285715
2022-04-07,202214,61,66.57142857142857,56.714285714285715
2022-04-08,202214,66,67.0,55.92857142857143
2022-04-11,202215,110,79.42857142857143,62.357142857142854
2022-04-12,202215,6,66.71428571428571,58.142857142857146
2022-04-13,202215,66,61.142857142857146,62.57142857142857
2022-04-14,202215,95,63.42857142857143,67.78571428571429
2022-04-15,202215,56,65.71428571428571,68.5
2022-04-16,202215,10,58.42857142857143,62.5
2022-04-18,202216,225,81.14285714285714,74.07142857142857
2022-04-19,202216,52,72.85714285714286,76.14285714285714
2022-04-20,202216,40,77.71428571428571,72.21428571428571
2022-04-21,202216,88,80.85714285714286,71.0
2022-04-22,202216,15,69.42857142857143,66.42857142857143
2022-04-25,202217,33,66.14285714285714,65.92857142857143
2022-04-26,202217,56,72.71428571428571,65.57142857142857
2022-04-27,202217,140,60.57142857142857,70.85714285714286
2022-04-28,202217,56,61.142857142857146,67.0
2022-04-29,202217,11,57.0,67.35714285714286
2022-05-02,202218,50,51.57142857142857,66.21428571428571
2022-05-03,202218,180,75.14285714285714,72.28571428571429
2022-05-04,202218,54,78.14285714285714,72.14285714285714
2022-05-05,202218,60,78.71428571428571,75.71428571428571
2022-05-06,202218,90,71.57142857142857,66.07142857142857
2022-05-09,202219,162,86.71428571428571,73.92857142857143
2022-05-10,202219,10,86.57142857142857,71.78571428571429
2022-05-11,202219,72,89.71428571428571,70.64285714285714
2022-05-12,202219,62,72.85714285714286,74.0
2022-05-13,202219,84,77.14285714285714,77.64285714285714
2022-05-14,202219,40,74.28571428571429,76.5
2022-05-16,202220,50,68.57142857142857,70.07142857142857
2022-05-17,202220,132,64.28571428571429,75.5
2022-05-18,202220,110,78.57142857142857,82.57142857142857
2022-05-19,202220,50,75.42857142857143,82.57142857142857
2022-05-20,202220,102,81.14285714285714,77.0
2022-05-23,202221,274,108.28571428571429,92.71428571428571
2022-05-24,202221,96,116.28571428571429,95.28571428571429
2022-05-25,202221,10,110.57142857142857,89.57142857142857
2022-05-26,202221,30,96.0,80.14285714285714
2022-05-27,202221,20,83.14285714285714,80.85714285714286
2022-05-30,202222,114,92.28571428571429,83.85714285714286
2022-05-31,202222,60,86.28571428571429,83.71428571428571
2022-06-01,202222,40,52.857142857142854,80.57142857142857
2022-06-02,202222,725,142.71428571428572,129.5
2022-06-03,202222,149,162.57142857142858,136.57142857142858
2022-06-04,202222,49,165.28571428571428,130.64285714285714
2022-06-07,202223,70,172.42857142857142,127.78571428571429
2022-06-08,202223,100,170.42857142857142,131.35714285714286
2022-06-09,202223,80,173.28571428571428,129.78571428571428
2022-06-13,202224,240,201.85714285714286,127.35714285714286
2022-06-14,202224,180,124.0,133.35714285714286
2022-06-15,202224,120,119.85714285714286,141.21428571428572
2022-06-16,202224,115,129.28571428571428,147.28571428571428
2022-06-17,202224,90,132.14285714285714,152.28571428571428
2022-06-20,202225,20,120.71428571428571,145.57142857142858
2022-06-21,202225,80,120.71428571428571,147.0
2022-06-22,202225,34,91.28571428571429,146.57142857142858
2022-06-23,202225,28,69.57142857142857,96.78571428571429
2022-06-24,202225,131,71.14285714285714,95.5
2022-06-25,202225,7,55.714285714285715,92.5
2022-06-27,202226,104,57.714285714285715,94.92857142857143
2022-06-28,202226,44,61.142857142857146,90.92857142857143
2022-06-29,202226,8,50.857142857142854,85.78571428571429
2022-06-30,202226,43,52.142857142857146,71.71428571428571
2022-07-01,202226,60,56.714285714285715,63.142857142857146
2022-07-04,202227,322,84.0,77.57142857142857
2022-07-05,202227,240,117.28571428571429,86.5
2022-07-06,202227,85,114.57142857142857,86.14285714285714
2022-07-07,202227,160,131.14285714285714,96.14285714285714
2022-07-08,202227,14,132.0,91.42857142857143
2022-07-09,202227,40,131.57142857142858,91.85714285714286
2022-07-11,202228,30,127.28571428571429,92.0
2022-07-12,202228,50,88.42857142857143,86.21428571428571
2022-07-13,202228,51,61.42857142857143,89.35714285714286
2022-07-14,202228,277,88.85714285714286,101.71428571428571
2022-07-15,202228,65,75.28571428571429,103.21428571428571
2022-07-18,202229,26,77.0,104.5
2022-07-19,202229,120,88.42857142857143,110.0
2022-07-20,202229,55,92.0,109.64285714285714
2022-07-21,202229,150,106.28571428571429,97.35714285714286
2022-07-22,202229,10,100.42857142857143,80.92857142857143
2022-07-23,202229,40,66.57142857142857,77.71428571428571
2022-07-25,202230,40,63.0,69.14285714285714
2022-07-26,202230,55,67.14285714285714,72.07142857142857
2022-07-27,202230,15,52.142857142857146,70.28571428571429
2022-07-28,202230,50,51.42857142857143,71.71428571428571
2022-08-01,202231,15,32.142857142857146,69.21428571428571
2022-08-02,202231,60,39.285714285714285,69.85714285714286
2022-08-03,202231,30,37.857142857142854,52.214285714285715
2022-08-04,202231,18,34.714285714285715,48.857142857142854
2022-08-05,202231,136,46.285714285714285,56.714285714285715
2022-08-06,202231,60,52.714285714285715,52.42857142857143
2022-08-08,202232,43,51.714285714285715,51.57142857142857
2022-08-09,202232,35,54.57142857142857,43.357142857142854
2022-08-10,202232,173,70.71428571428571,55.0
2022-08-11,202232,120,83.57142857142857,60.714285714285715
2022-08-12,202232,80,92.42857142857143,63.57142857142857
2022-08-16,202233,64,82.14285714285714,64.21428571428571
2022-08-17,202233,80,85.0,68.85714285714286
2022-08-18,202233,89,91.57142857142857,71.64285714285714
2022-08-19,202233,31,91.0,72.78571428571429
2022-08-20,202233,60,74.85714285714286,72.78571428571429
2022-08-22,202234,125,75.57142857142857,79.57142857142857
2022-08-24,202234,21,67.14285714285714,79.78571428571429
2022-08-25,202234,660,152.28571428571428,117.21428571428571
2022-08-26,202234,95,154.42857142857142,119.71428571428571
2022-08-29,202235,20,144.57142857142858,118.07142857142857
2022-08-30,202235,35,145.14285714285714,118.07142857142857
2022-09-01,202235,72,146.85714285714286,110.85714285714286
2022-09-02,202235,130,147.57142857142858,111.57142857142857
2022-09-05,202236,88,157.14285714285714,112.14285714285714
2022-09-06,202236,70,72.85714285714286,112.57142857142857
2022-09-07,202236,25,62.857142857142854,108.64285714285714
2022-09-08,202236,40,65.71428571428571,105.14285714285714
2022-09-13,202237,70,70.71428571428571,107.92857142857143
2022-09-14,202237,10,61.857142857142854,104.35714285714286
2022-09-15,202237,105,58.285714285714285,102.92857142857143
2022-09-16,202237,190,72.85714285714286,115.0
2022-09-17,202237,40,68.57142857142857,70.71428571428571
2022-09-19,202238,126,83.0,72.92857142857143
2022-09-20,202238,103,92.0,78.85714285714286
2022-09-21,202238,121,99.28571428571429,85.0
2022-09-22,202238,206,127.28571428571429,94.57142857142857
2022-09-23,202238,100,126.57142857142857,92.42857142857143
2022-09-26,202239,83,111.28571428571429,92.07142857142857
2022-09-27,202239,45,112.0,90.28571428571429
2022-09-28,202239,20,96.85714285714286,89.92857142857143
2022-09-29,202239,80,93.57142857142857,92.78571428571429
2022-09-30,202239,20,79.14285714285714,89.21428571428571
