OrderDate,YYYYMM,YYYYWEEK,ORDERQTY,7MA,14MA,PS
2018-01-02,201801,20181,92,NULL,NULL,99.4
2018-01-03,201801,20181,130,NULL,NULL,99.4
2018-01-04,201801,20181,45,NULL,NULL,99.4
2018-01-05,201801,20181,54,NULL,NULL,99.4
2018-01-08,201801,20182,464,NULL,NULL,99.4
2018-01-09,201801,20182,60,NULL,NULL,99.4
2018-01-10,201801,20182,60,129.29,NULL,99.4
2018-01-11,201801,20182,50,123.29,NULL,99.4
2018-01-12,201801,20182,2,105.0,NULL,99.4
2018-01-15,201801,20183,85,110.71,NULL,99.4
2018-01-16,201801,20183,12,104.71,NULL,99.4
2018-01-17,201801,20183,120,55.57,NULL,99.4
2018-01-18,201801,20183,140,67.0,NULL,99.4
2018-01-19,201801,20183,30,62.71,96,99.4
2018-01-22,201801,20184,40,61.29,92.29,99.4
2018-01-23,201801,20184,250,96.71,100.86,99.4
2018-01-24,201801,20184,110,100.29,105.5,99.4
2018-01-26,201801,20184,48,105.43,105.07,99.4
2018-01-27,201801,20184,5,89.0,72.29,99.4
2018-01-29,201801,20185,30,73.29,70.14,99.4
2018-01-30,201801,20185,50,76.14,69.43,99.4
2018-01-31,201801,20185,708,171.57,116.43,99.4
2018-02-01,201802,20185,101,150.29,123.5,101
2018-02-02,201802,20185,530,210.29,155.29,101
2018-02-03,201802,20185,10,204.86,155.14,101
2018-02-05,201802,20186,100,218.43,153.71,101
2018-02-06,201802,20186,60,222.71,148,101
2018-02-07,201802,20186,49,222.57,149.36,101
2018-02-08,201802,20186,80,132.86,152.21,101
2018-02-09,201802,20186,80,129.86,140.07,101
2018-02-12,201802,20187,649,146.86,178.57,101
2018-02-13,201802,20187,46,152.0,178.43,101
2018-02-14,201802,20187,100,152.0,185.21,101
2018-02-19,201802,20188,228,176.0,199.36,101
2018-02-20,201802,20188,405,226.86,224.71,101
2018-02-22,201802,20188,106,230.57,181.71,101
2018-02-23,201802,20188,100,233.43,181.64,101
2018-02-26,201802,20189,166,164.43,155.64,101
2018-02-27,201802,20189,30,162.14,157.07,101
2018-02-28,201802,20189,60,156.43,154.21,101
2018-03-01,201803,20189,20,126.71,151.36,97.9
2018-03-02,201803,20189,168,92.86,159.86,97.9
2018-03-03,201803,20189,20,80.57,155.57,97.9
2018-03-05,201803,201810,151,87.86,160.64,97.9
2018-03-06,201803,201810,60,72.71,118.57,97.9
2018-03-07,201803,201810,130,87.0,124.57,97.9
2018-03-08,201803,201810,213,108.86,132.64,97.9
2018-03-09,201803,201810,85,118.14,122.43,97.9
2018-03-10,201803,201810,5,94.86,93.86,97.9
2018-03-12,201803,201811,160,114.86,97.71,97.9
2018-03-13,201803,201811,60,101.86,94.86,97.9
2018-03-14,201803,201811,30,97.57,85.14,97.9
2018-03-15,201803,201811,146,99.86,93.43,97.9
2018-03-16,201803,201811,33,74.14,91.5,97.9
2018-03-19,201803,201812,164,85.43,101.79,97.9
2018-03-20,201803,201812,553,163.71,129.29,97.9
2018-03-21,201803,201812,10,142.29,128.57,97.9
2018-03-22,201803,201812,160,156.57,129.21,97.9
2018-03-23,201803,201812,50,159.43,128.5,97.9
2018-03-26,201803,201813,65,147.86,123.86,97.9
2018-03-27,201803,201813,55,151.0,112.57,97.9
2018-03-28,201803,201813,30,131.86,108.64,97.9
2018-03-29,201803,201813,305,96.43,130.07,97.9
2018-03-30,201803,201813,48,101.86,122.07,97.9
2018-04-02,201804,201814,173,103.71,130.14,99.6
2018-04-03,201804,201814,65,105.86,132.64,99.6
2018-04-04,201804,201814,841,216.71,182.29,99.6
2018-04-05,201804,201814,246,244.0,197.5,99.6
2018-04-06,201804,201814,15,241.86,186.86,99.6
2018-04-09,201804,201815,200,226.86,161.64,99.6
2018-04-10,201804,201815,150,241.43,171.64,99.6
2018-04-12,201804,201815,86,229.0,166.36,99.6
2018-04-13,201804,201815,32,224.29,165.07,99.6
2018-04-16,201804,201816,20,107.0,161.86,99.6
2018-04-17,201804,201816,145,92.57,168.29,99.6
2018-04-18,201804,201816,70,100.43,171.14,99.6
2018-04-19,201804,201816,93,85.14,156,99.6
2018-04-20,201804,201816,90,76.57,159,99.6
2018-04-23,201804,201817,45,70.71,149.86,99.6
2018-04-24,201804,201817,60,74.71,149.5,99.6
2018-04-25,201804,201817,360,123.29,115.14,99.6
2018-04-26,201804,201817,130,121.14,106.86,99.6
2018-04-27,201804,201817,46,117.71,109.07,99.6
2018-04-30,201804,201818,152,126.14,105.64,99.6
2018-05-01,201805,201818,150,134.71,105.64,101.7
2018-05-02,201805,201818,84,140.29,105.5,101.7
2018-05-03,201805,201818,491,201.86,138.29,101.7
2018-05-04,201805,201818,200,179.0,151.14,101.7
2018-05-05,201805,201818,40,166.14,143.64,101.7
2018-05-08,201805,201819,271,198.29,158,101.7
2018-05-09,201805,201819,260,213.71,169.93,101.7
2018-05-10,201805,201819,240,226.57,180.64,101.7
2018-05-11,201805,201819,40,220.29,180.29,101.7
2018-05-14,201805,201820,944,285.0,243.43,101.7
2018-05-15,201805,201820,172,281.0,230,101.7
2018-05-16,201805,201820,24,278.71,222.43,101.7
2018-05-17,201805,201820,440,302.86,250.57,101.7
2018-05-18,201805,201820,102,280.29,247,101.7
2018-05-19,201805,201820,20,248.86,237.71,101.7
2018-05-21,201805,201821,832,362.0,291.14,101.7
2018-05-22,201805,201821,40,232.86,258.93,101.7
2018-05-23,201805,201821,214,238.86,259.93,101.7
2018-05-24,201805,201821,287,276.43,277.57,101.7
2018-05-25,201805,201821,340,262.14,282.5,101.7
2018-05-26,201805,201821,24,251.0,265.64,101.7
2018-05-28,201805,201822,883,374.29,311.57,101.7
2018-05-29,201805,201822,340,304.0,333,101.7
2018-05-30,201805,201822,510,371.14,302,101.7
2018-05-31,201805,201822,395,397.0,317.93,101.7
2018-06-01,201806,201822,90,368.86,322.64,100.2
2018-06-03,201806,201822,40,326.0,294.07,100.2
2018-06-04,201806,201823,4,323.14,287.07,100.2
2018-06-07,201806,201823,8,198.14,286.21,100.2
2018-06-08,201806,201823,60,158.14,231.07,100.2
2018-06-09,201806,201823,10,86.71,228.93,100.2
2018-06-11,201806,201824,126,48.29,222.64,100.2
2018-06-12,201806,201824,115,51.86,210.36,100.2
2018-06-13,201806,201824,20,49.0,187.5,100.2
2018-06-14,201806,201824,127,66.57,194.86,100.2
2018-06-15,201806,201824,77,76.43,137.29,100.2
2018-06-16,201806,201824,20,70.71,114.43,100.2
2018-06-18,201806,201825,100,83.57,85.14,100.2
2018-06-19,201806,201825,150,87.0,67.64,100.2
2018-06-20,201806,201825,60,79.14,65.5,100.2
2018-06-21,201806,201825,64,85.43,67.21,100.2
2018-06-22,201806,201825,60,75.86,71.21,100.2
2018-06-25,201806,201826,45,71.29,73.86,100.2
2018-06-26,201806,201826,126,86.43,78.57,100.2
2018-06-27,201806,201826,50,79.29,81.43,100.2
2018-06-28,201806,201826,91,70.86,78.93,100.2
2018-06-29,201806,201826,50,69.43,74.29,100.2
2018-07-02,201807,201827,202,89.14,87.29,95.5
2018-07-03,201807,201827,43,86.71,81.29,95.5
2018-07-04,201807,201827,64,89.43,80.36,95.5
2018-07-05,201807,201827,73,81.86,84.14,95.5
2018-07-06,201807,201827,10,76.14,77.71,95.5
2018-07-07,201807,201827,20,66.0,68.43,95.5
2018-07-09,201807,201828,76,69.71,69.57,95.5
2018-07-10,201807,201828,140,60.86,75,95.5
2018-07-11,201807,201828,110,70.43,78.57,95.5
2018-07-12,201807,201828,75,72.0,80.71,95.5
2018-07-13,201807,201828,66,71.0,76.43,95.5
2018-07-14,201807,201828,60,78.14,77.14,95.5
2018-07-16,201807,201829,72,85.57,75.79,95.5
2018-07-17,201807,201829,50,81.86,75.79,95.5
2018-07-18,201807,201829,8,63.0,61.93,95.5
2018-07-19,201807,201829,60,55.86,63.14,95.5
2018-07-20,201807,201829,120,62.29,67.14,95.5
2018-07-23,201807,201830,180,78.57,74.79,95.5
2018-07-24,201807,201830,20,72.86,75.5,95.5
2018-07-25,201807,201830,80,74.0,79.79,95.5
2018-07-26,201807,201830,53,74.43,78.14,95.5
2018-07-27,201807,201830,94,86.71,74.86,95.5
2018-07-30,201807,201831,100,92.43,74.14,95.5
2018-07-31,201807,201831,93,88.57,75.43,95.5
2018-08-01,201808,201831,63,71.86,75.21,96.6
2018-08-02,201808,201831,200,97.57,85.21,96.6
2018-08-06,201808,201832,141,106.29,90.14,96.6
2018-08-07,201808,201832,224,130.71,102.57,96.6
2018-08-08,201808,201832,122,134.71,110.71,96.6
2018-08-09,201808,201832,138,140.14,116.29,96.6
2018-08-10,201808,201832,130,145.43,117,96.6
2018-08-11,201808,201832,50,143.57,107.71,96.6
2018-08-13,201808,201833,111,130.86,114.21,96.6
2018-08-14,201808,201833,85,122.86,114.57,96.6
2018-08-16,201808,201833,229,123.57,127.14,96.6
2018-08-17,201808,201833,82,117.86,126.29,96.6
2018-08-18,201808,201833,10,99.57,119.86,96.6
2018-08-20,201808,201834,641,172.57,159,96.6
2018-08-21,201808,201834,100,179.71,161.64,96.6
2018-08-22,201808,201834,25,167.43,149.14,96.6
2018-08-23,201808,201834,84,167.29,145.07,96.6
2018-08-24,201808,201834,55,142.43,133,96.6
2018-08-27,201808,201835,116,147.29,132.57,96.6
2018-08-28,201808,201835,120,163.0,131.29,96.6
2018-08-29,201808,201835,80,82.86,127.71,96.6
2018-08-30,201808,201835,40,74.29,127,96.6
2018-08-31,201808,201835,17,73.14,120.29,96.6
2018-09-01,201809,201835,25,64.71,116,99.1
2018-09-03,201809,201836,137,76.43,109.43,99.1
2018-09-04,201809,201836,86,72.14,109.71,99.1
2018-09-05,201809,201836,115,71.43,117.21,99.1
2018-09-06,201809,201836,2,60.29,71.57,99.1
2018-09-07,201809,201836,102,69.14,71.71,99.1
2018-09-08,201809,201836,40,72.43,72.79,99.1
2018-09-10,201809,201837,34,73.71,69.21,99.1
2018-09-11,201809,201837,51,61.43,68.93,99.1
2018-09-12,201809,201837,23,52.43,62.29,99.1
2018-09-13,201809,201837,180,61.71,66.57,99.1
2018-09-14,201809,201837,20,64.29,62.29,99.1
2018-09-15,201809,201837,40,55.43,62.29,99.1
2018-09-17,201809,201838,200,78.29,75.36,99.1
2018-09-18,201809,201838,191,100.71,87.21,99.1
2018-09-19,201809,201838,30,97.71,79.57,99.1
2018-09-20,201809,201838,40,100.14,76.29,99.1
2018-09-21,201809,201838,20,77.29,69.5,99.1
2018-09-27,201809,201839,112,90.43,77.36,99.1
2018-09-28,201809,201839,90,97.57,76.5,99.1
2018-09-29,201809,201839,10,70.43,74.36,99.1
2018-10-01,201810,201840,726,146.86,123.79,95.1
2018-10-02,201810,201840,223,174.43,136.07,95.1
2018-10-03,201810,201840,100,183.0,141.57,95.1
2018-10-04,201810,201840,50,187.29,132.29,95.1
2018-10-05,201810,201840,60,179.86,135.14,95.1
2018-10-06,201810,201840,20,169.86,133.71,95.1
2018-10-08,201810,201841,140,188.43,129.43,95.1
2018-10-09,201810,201841,50,91.86,119.36,95.1
2018-10-10,201810,201841,143,80.43,127.43,95.1
2018-10-11,201810,201841,35,71.14,127.07,95.1
2018-10-12,201810,201841,115,80.43,133.86,95.1
2018-10-13,201810,201841,10,73.29,126.57,95.1
2018-10-15,201810,201842,65,79.71,124.79,95.1
2018-10-16,201810,201842,50,66.86,127.64,95.1
2018-10-17,201810,201842,55,67.57,79.71,95.1
2018-10-18,201810,201842,40,52.86,66.64,95.1
2018-10-19,201810,201842,21,50.86,61,95.1
2018-10-20,201810,201842,5,35.14,57.79,95.1
2018-10-22,201810,201843,15,35.86,54.57,95.1
2018-10-23,201810,201843,40,32.29,56,95.1
2018-10-24,201810,201843,140,45.14,56,95.1
2018-10-25,201810,201843,118,54.14,60.86,95.1
2018-10-26,201810,201843,64,57.57,55.21,95.1
2018-10-29,201810,201844,60,63.14,57,95.1
2018-10-30,201810,201844,40,68.14,51.64,95.1
2018-10-31,201810,201844,48,72.86,54.36,95.1
2018-11-01,201811,201844,150,88.57,60.43,94.2
2018-11-02,201811,201844,124,86.29,65.71,94.2
2018-11-05,201811,201845,90,82.29,68.21,94.2
2018-11-06,201811,201845,85,85.29,71.43,94.2
2018-11-07,201811,201845,168,100.71,81.93,94.2
2018-11-08,201811,201845,105,110.0,89.07,94.2
2018-11-09,201811,201845,104,118.0,95.43,94.2
2018-11-12,201811,201846,80,108.0,98.29,94.2
2018-11-13,201811,201846,101,104.71,95.5,94.2
2018-11-14,201811,201846,140,111.86,97.07,94.2
2018-11-15,201811,201846,35,104.71,95,94.2
2018-11-16,201811,201846,30,85.0,92.86,94.2
2018-11-19,201811,201847,130,88.57,99.29,94.2
2018-11-20,201811,201847,120,90.86,104.43,94.2
2018-11-21,201811,201847,64,88.57,98.29,94.2
2018-11-22,201811,201847,102,88.71,96.71,94.2
2018-11-23,201811,201847,20,71.57,91.71,94.2
2018-11-26,201811,201848,129,85.0,94.86,94.2
2018-11-27,201811,201848,59,89.14,87.07,94.2
2018-11-28,201811,201848,130,89.14,88.86,94.2
2018-11-29,201811,201848,18,74.57,82.71,94.2
2018-11-30,201811,201848,11,67.0,77.79,94.2
2018-12-01,201812,201848,80,63.86,76.29,94.4
2018-12-03,201812,201849,74,71.57,71.57,94.4
2018-12-05,201812,201849,13,55.0,70,94.4
2018-12-06,201812,201849,47,53.29,71.21,94.4
2018-12-07,201812,201849,75,45.43,67.29,94.4
2018-12-08,201812,201849,20,45.71,60.14,94.4
2018-12-10,201812,201850,5,44.86,55.93,94.4
2018-12-11,201812,201850,167,57.29,60.57,94.4
2018-12-12,201812,201850,53,54.29,62.93,94.4
2018-12-13,201812,201850,262,89.86,72.43,94.4
2018-12-14,201812,201850,21,86.14,69.71,94.4
2018-12-17,201812,201851,54,83.14,64.29,94.4
2018-12-18,201812,201851,60,88.86,67.29,94.4
2018-12-19,201812,201851,60,96.71,70.79,94.4
2018-12-20,201812,201851,20,75.71,66.5,94.4
2018-12-21,201812,201851,60,76.71,65.5,94.4
2018-12-24,201812,201852,30,43.57,66.71,94.4
2018-12-26,201812,201852,248,76.0,81.07,94.4
2018-12-27,201812,201852,20,71.14,77.14,94.4
2018-12-28,201812,201852,35,67.57,78.21,94.4
2019-01-02,201901,20191,116,75.57,86.14,92
2019-01-04,201901,20191,395,129.14,102.43,92
2019-01-07,201901,20192,25,124.14,100.43,92
2019-01-08,201901,20192,166,143.57,93.57,92
2019-01-09,201901,20192,50,115.29,95.64,92
2019-01-10,201901,20192,50,119.57,95.36,92
2019-01-11,201901,20192,40,120.29,93.93,92
2019-01-12,201901,20192,28,107.71,91.64,92
2019-01-14,201901,20193,53,58.86,94,92
2019-01-15,201901,20193,36,60.43,92.29,92
2019-01-16,201901,20193,150,58.14,100.86,92
2019-01-17,201901,20193,90,63.86,89.57,92
2019-01-18,201901,20193,110,72.43,96,92
2019-01-21,201901,20194,43,72.86,96.57,92
2019-01-22,201901,20194,51,76.14,91.93,92
2019-01-23,201901,20194,100,82.86,70.86,92
2019-01-28,201901,20195,98,91.71,76.07,92
2019-01-29,201901,20195,102,84.86,71.5,92
2019-01-30,201901,20195,42,78.0,70.93,92
2019-01-31,201901,20195,80,73.71,73.07,92
2019-02-01,201902,20195,40,73.29,73.07,97.2
2019-02-07,201902,20196,22,69.14,72.64,97.2
2019-02-08,201902,20196,26,58.57,70.71,97.2
2019-02-09,201902,20196,40,50.29,71,97.2
2019-02-11,201902,20197,95,49.29,67.07,97.2
2019-02-12,201902,20197,65,52.57,65.29,97.2
2019-02-13,201902,20197,78,52.29,63,97.2
2019-02-15,201902,20197,16,48.86,61.07,97.2
2019-02-18,201902,20198,137,65.29,67.21,97.2
2019-02-19,201902,20198,110,77.29,67.93,97.2
2019-02-20,201902,20198,45,78.0,64.14,97.2
2019-02-21,201902,20198,90,77.29,63.29,97.2
2019-02-22,201902,20198,120,85.14,68.86,97.2
2019-02-23,201902,20198,10,75.43,63.86,97.2
2019-02-25,201902,20199,460,138.86,93.86,97.2
2019-02-26,201902,20199,30,123.57,94.43,97.2
2019-02-27,201902,20199,79,119.14,98.21,97.2
2019-02-28,201902,20199,30,117.0,97.5,97.2
2019-03-01,201903,20199,60,112.71,95,96.4
2019-03-04,201903,201910,90,108.43,96.79,96.4
2019-03-05,201903,201910,240,141.29,108.36,96.4
2019-03-06,201903,201910,173,100.29,119.57,96.4
2019-03-07,201903,201910,62,104.86,114.21,96.4
2019-03-08,201903,201910,39,99.14,109.14,96.4
2019-03-09,201903,201910,50,102.0,109.5,96.4
2019-03-11,201903,201911,130,112.0,112.36,96.4
2019-03-12,201903,201911,119,116.14,112.29,96.4
2019-03-13,201903,201911,52,89.29,115.29,96.4
2019-03-14,201903,201911,109,80.14,90.21,96.4
2019-03-15,201903,201911,126,89.29,97.07,96.4
2019-03-18,201903,201912,210,113.71,106.43,96.4
2019-03-19,201903,201912,26,110.29,106.14,96.4
2019-03-20,201903,201912,125,109.57,110.79,96.4
2019-03-21,201903,201912,96,106.29,111.21,96.4
2019-03-22,201903,201912,63,107.86,98.57,96.4
2019-03-25,201903,201913,49,99.29,89.71,96.4
2019-03-26,201903,201913,75,92.0,90.64,96.4
2019-03-27,201903,201913,100,76.29,95,96.4
2019-03-28,201903,201913,30,76.86,93.57,96.4
2019-03-29,201903,201913,130,77.57,93.57,96.4
2019-03-30,201903,201913,80,75.29,90.79,96.4
2019-04-01,201904,201914,241,100.71,104.29,97.4
2019-04-02,201904,201914,230,126.57,112.93,97.4
2019-04-03,201904,201914,110,131.57,111.79,97.4
2019-04-04,201904,201914,82,129.0,102.64,97.4
2019-04-05,201904,201914,50,131.86,104.36,97.4
2019-04-06,201904,201914,10,114.71,96.14,97.4
2019-04-08,201904,201915,213,133.71,104.5,97.4
2019-04-09,201904,201915,150,120.71,110.71,97.4
2019-04-10,201904,201915,70,97.86,112.21,97.4
2019-04-11,201904,201915,97,96.0,113.79,97.4
2019-04-12,201904,201915,75,95.0,112,97.4
2019-04-15,201904,201916,250,123.57,127.71,97.4
2019-04-16,201904,201916,85,134.29,124.5,97.4
2019-04-17,201904,201916,202,132.71,133.21,97.4
2019-04-18,201904,201916,86,123.57,122.14,97.4
2019-04-19,201904,201916,162,136.71,117.29,97.4
2019-04-22,201904,201917,75,133.57,114.79,97.4
2019-04-23,201904,201917,67,132.43,113.71,97.4
2019-04-24,201904,201917,218,127.86,125.71,97.4
2019-04-25,201904,201917,42,121.71,128,97.4
2019-04-26,201904,201917,124,110.57,121.64,97.4
2019-04-29,201904,201918,73,108.71,116.14,97.4
2019-04-30,201904,201918,187,112.29,124.5,97.4
2019-05-01,201905,201918,127,119.71,126.64,94
2019-05-02,201905,201918,67,119.71,126.07,94
2019-05-03,201905,201918,175,113.57,120.71,94
2019-05-06,201905,201919,20,110.43,116.07,94
2019-05-07,201905,201919,215,123.43,117,94
2019-05-08,201905,201919,165,136.57,122.64,94
2019-05-09,201905,201919,140,129.86,121.07,94
2019-05-10,201905,201919,12,113.43,116.57,94
2019-05-11,201905,201919,50,111.0,115.36,94
2019-05-13,201905,201920,145,106.71,110.14,94
2019-05-14,201905,201920,130,122.43,116.43,94
2019-05-15,201905,201920,65,101.0,112.21,94
2019-05-16,201905,201920,130,96.0,116.29,94
2019-05-17,201905,201920,38,81.43,105.64,94
2019-05-18,201905,201920,40,85.43,99.43,94
2019-05-20,201905,201921,34,83.14,97.07,94
2019-05-21,201905,201921,155,84.57,95.64,94
2019-05-22,201905,201921,70,76.0,99.21,94
2019-05-23,201905,201921,67,76.29,88.64,94
2019-05-24,201905,201921,195,85.57,90.79,94
2019-05-27,201905,201922,30,84.43,82.93,94
2019-05-28,201905,201922,61,87.43,86.43,94
2019-05-30,201905,201922,110,98.29,90.71,94
2019-05-31,201905,201922,14,78.14,81.36,94
2019-06-01,201906,201922,46,74.71,75.36,94.7
2019-06-03,201906,201923,208,94.86,85.57,94.7
2019-06-04,201906,201923,314,111.86,98.71,94.7
2019-06-05,201906,201923,245,142.57,113.5,94.7
2019-06-07,201906,201923,140,153.86,120.64,94.7
2019-06-10,201906,201924,221,169.71,134,94.7
2019-06-11,201906,201924,52,175.14,126.64,94.7
2019-06-12,201906,201924,27,172.43,123.57,94.7
2019-06-13,201906,201924,15,144.86,119.86,94.7
2019-06-14,201906,201924,53,107.57,109.71,94.7
2019-06-17,201906,201925,170,96.86,119.71,94.7
2019-06-18,201906,201925,99,91.0,122.43,94.7
2019-06-19,201906,201925,60,68.0,118.86,94.7
2019-06-20,201906,201925,300,103.43,139.29,94.7
2019-06-21,201906,201925,53,107.14,139.79,94.7
2019-06-24,201906,201926,50,112.14,128.5,94.7
2019-06-25,201906,201926,20,107.43,107.5,94.7
2019-06-26,201906,201926,140,103.14,100,94.7
2019-06-27,201906,201926,85,101.14,96.07,94.7
2019-06-28,201906,201926,82,104.29,86.14,94.7
2019-06-29,201906,201926,50,68.57,86,94.7
2019-07-01,201907,201927,93,74.29,90.71,91.9
2019-07-02,201907,201927,100,81.43,96.79,91.9
2019-07-03,201907,201927,130,97.14,102.29,91.9
2019-07-04,201907,201927,35,82.14,92.64,91.9
2019-07-05,201907,201927,10,71.43,86.29,91.9
2019-07-06,201907,201927,80,71.14,87.71,91.9
2019-07-08,201907,201928,111,79.86,74.21,91.9
2019-07-09,201907,201928,75,77.29,75.79,91.9
2019-07-10,201907,201928,155,85.14,83.29,91.9
2019-07-11,201907,201928,119,83.57,90.36,91.9
2019-07-12,201907,201928,190,105.71,93.93,91.9
2019-07-13,201907,201928,20,107.14,89.29,91.9
2019-07-15,201907,201929,200,124.29,97.71,91.9
2019-07-16,201907,201929,140,128.43,104.14,91.9
2019-07-17,201907,201929,88,130.29,103.79,91.9
2019-07-18,201907,201929,10,109.57,97.36,91.9
2019-07-19,201907,201929,66,102.0,92.79,91.9
2019-07-22,201907,201930,180,100.57,103.14,91.9
2019-07-23,201907,201930,56,105.71,106.43,91.9
2019-07-24,201907,201930,198,105.43,114.86,91.9
2019-07-25,201907,201930,60,94.0,111.21,91.9
2019-07-26,201907,201930,64,90.57,110.43,91.9
2019-07-29,201907,201931,36,94.29,101.93,91.9
2019-07-30,201907,201931,61,93.57,97.79,91.9
2019-07-31,201907,201931,50,75.0,87.79,91.9
2019-08-02,201908,201931,14,69.0,87.36,91.2
2019-08-05,201908,201932,46,47.29,76.36,91.2
2019-08-06,201908,201932,90,51.57,72.79,91.2
2019-08-07,201908,201932,116,59.0,74.79,91.2
2019-08-08,201908,201932,102,68.43,81.36,91.2
2019-08-09,201908,201932,30,64.0,78.79,91.2
2019-08-10,201908,201932,20,59.71,67.36,91.2
2019-08-12,201908,201933,68,67.43,68.21,91.2
2019-08-13,201908,201933,79,72.14,59.71,91.2
2019-08-14,201908,201933,140,79.29,65.43,91.2
2019-08-16,201908,201933,44,69.0,64,91.2
2019-08-19,201908,201934,130,73.0,70.71,91.2
2019-08-20,201908,201934,736,173.86,118.93,91.2
2019-08-21,201908,201934,110,186.71,123.21,91.2
2019-08-22,201908,201934,30,181.29,124.36,91.2
2019-08-23,201908,201934,74,180.57,126.36,91.2
2019-08-26,201908,201935,201,189.29,134.29,91.2
2019-08-27,201908,201935,80,194.43,131.71,91.2
2019-08-28,201908,201935,120,193.0,133,91.2
2019-08-29,201908,201935,90,100.71,137.29,91.2
2019-08-30,201908,201935,40,90.71,138.71,91.2
2019-09-02,201909,201936,164,109.86,145.57,93.8
2019-09-03,201909,201936,144,119.86,150.21,93.8
2019-09-04,201909,201936,10,92.57,140.93,93.8
2019-09-05,201909,201936,90,94.0,144.21,93.8
2019-09-06,201909,201936,93,90.14,141.57,93.8
2019-09-09,201909,201937,109,92.86,96.79,93.8
2019-09-10,201909,201937,32,91.71,91.21,93.8
2019-09-16,201909,201938,84,80.29,95.07,93.8
2019-09-17,201909,201938,105,74.71,97.29,93.8
2019-09-18,201909,201938,70,83.29,87.93,93.8
2019-09-19,201909,201938,125,88.29,91.14,93.8
2019-09-20,201909,201938,34,79.86,85,93.8
2019-09-23,201909,201939,214,94.86,93.86,93.8
2019-09-24,201909,201939,74,100.86,96.29,93.8
2019-09-25,201909,201939,6,89.71,85,93.8
2019-09-26,201909,201939,80,86.14,80.43,93.8
2019-09-27,201909,201939,20,79.0,81.14,93.8
2019-09-30,201909,201940,45,67.57,77.93,93.8
2019-10-01,201910,201940,84,74.71,77.29,93.2
2019-10-02,201910,201940,65,53.43,74.14,93.2
2019-10-04,201910,201940,170,67.14,84,93.2
2019-10-05,201910,201940,60,74.86,82.29,93.2
2019-10-07,201910,201941,220,94.86,90.5,93.2
2019-10-08,201910,201941,175,117.0,98,93.2
2019-10-09,201910,201941,15,112.71,90.14,93.2
2019-10-10,201910,201941,418,160.43,117.57,93.2
2019-10-11,201910,201941,435,213.29,133.36,93.2
2019-10-12,201910,201941,20,191.86,129.5,93.2
2019-10-15,201910,201942,28,187.29,131.07,93.2
2019-10-16,201910,201942,112,171.86,133.36,93.2
2019-10-17,201910,201942,309,191.0,154,93.2
2019-10-18,201910,201942,85,201.0,156.86,93.2
2019-10-19,201910,201942,80,152.71,156.57,93.2
2019-10-21,201910,201943,45,97.0,155.14,93.2
2019-10-22,201910,201943,44,100.43,146.14,93.2
2019-10-23,201910,201943,42,102.43,144.86,93.2
2019-10-24,201910,201943,51,93.71,132.79,93.2
2019-10-25,201910,201943,130,68.14,129.57,93.2
2019-10-28,201910,201944,12,57.71,129.36,93.2
2019-10-29,201910,201944,50,53.43,103.07,93.2
2019-10-30,201910,201944,16,49.29,73.14,93.2
2019-10-31,201910,201944,80,54.43,77.43,93.2
2019-11-01,201911,201944,70,58.43,80.43,94
2019-11-02,201911,201944,4,51.71,72.71,94
2019-11-04,201911,201945,280,73.14,70.64,94
2019-11-05,201911,201945,50,78.57,68.14,94
2019-11-06,201911,201945,60,80.0,66.71,94
2019-11-07,201911,201945,60,86.29,67.79,94
2019-11-08,201911,201945,59,83.29,68.86,94
2019-11-11,201911,201946,162,96.43,77.43,94
2019-11-12,201911,201946,604,182.14,116.93,94
2019-11-13,201911,201946,20,145.0,109.07,94
2019-11-14,201911,201946,27,141.71,110.14,94
2019-11-15,201911,201946,50,140.29,110.14,94
2019-11-18,201911,201947,64,140.86,113.57,94
2019-11-19,201911,201947,71,142.57,112.93,94
2019-11-20,201911,201947,25,123.0,109.71,94
2019-11-21,201911,201947,38,42.14,112.14,94
2019-11-25,201911,201948,50,46.43,95.71,94
2019-11-26,201911,201948,60,51.14,96.43,94
2019-11-27,201911,201948,58,52.29,96.29,94
2019-11-28,201911,201948,36,48.29,94.57,94
2019-11-29,201911,201948,80,49.57,96.07,94
2019-12-02,201912,201949,75,56.71,89.86,94.8
2019-12-03,201912,201949,125,69.14,55.64,94.8
2019-12-04,201912,201949,145,82.71,64.57,94.8
2019-12-05,201912,201949,103,88.86,70,94.8
2019-12-06,201912,201949,45,87.0,69.64,94.8
2019-12-07,201912,201949,20,84.71,66.5,94.8
2019-12-09,201912,201950,75,84.0,66.79,94.8
2019-12-10,201912,201950,125,91.14,73.93,94.8
2019-12-11,201912,201950,9,74.57,71.86,94.8
2019-12-12,201912,201950,11,55.43,69.07,94.8
2019-12-13,201912,201950,40,46.43,67.64,94.8
2019-12-14,201912,201950,352,90.29,88.64,94.8
2019-12-16,201912,201951,80,98.86,91.79,94.8
2019-12-17,201912,201951,170,112.43,98.21,94.8
2019-12-18,201912,201951,18,97.14,94.14,94.8
2019-12-19,201912,201951,34,100.71,87.64,94.8
2019-12-20,201912,201951,29,103.29,79.36,94.8
2019-12-21,201912,201951,40,103.29,74.86,94.8
2019-12-23,201912,201952,43,59.14,74.71,94.8
2019-12-24,201912,201952,84,59.71,79.29,94.8
2019-12-26,201912,201952,90,48.29,80.36,94.8
2019-12-27,201912,201952,88,58.29,77.71,94.8
2019-12-30,201912,20191,70,63.43,82.07,94.8
2019-12-31,201912,20191,8,60.43,81.86,94.8
2020-01-02,202001,20201,137,74.29,88.79,97.3
2020-01-03,202001,20201,217,99.14,79.14,97.3
2020-01-06,202001,20202,193,114.71,87.21,97.3
2020-01-07,202001,20202,76,112.71,80.5,97.3
2020-01-08,202001,20202,524,175.0,116.64,97.3
2020-01-09,202001,20202,41,170.86,117.14,97.3
2020-01-10,202001,20202,545,247.57,154,97.3
2020-01-13,202001,20203,81,239.57,156.93,97.3
2020-01-14,202001,20203,33,213.29,156.21,97.3
2020-01-15,202001,20203,49,192.71,153.71,97.3
2020-01-16,202001,20203,10,183.29,148,97.3
2020-01-17,202001,20203,80,119.86,147.43,97.3
2020-01-20,202001,20204,60,122.57,146.71,97.3
2020-01-21,202001,20204,30,49.0,148.29,97.3
2020-01-22,202001,20204,20,40.29,139.93,97.3
2020-01-23,202001,20204,20,38.43,125.86,97.3
2020-01-28,202001,20205,67,41.0,116.86,97.3
2020-01-29,202001,20205,54,47.29,115.29,97.3
2020-01-30,202001,20205,36,41.0,80.43,97.3
2020-01-31,202001,20205,210,62.43,92.5,97.3
2020-02-01,202002,20205,5,58.86,53.93,89.8
2020-02-03,202002,20206,254,92.29,66.29,89.8
2020-02-04,202002,20206,79,100.71,69.57,89.8
2020-02-05,202002,20206,192,118.57,79.79,89.8
2020-02-06,202002,20206,20,113.71,80.5,89.8
2020-02-07,202002,20206,75,119.29,80.14,89.8
2020-02-10,202002,20207,70,99.29,80.86,89.8
2020-02-11,202002,20207,32,103.14,81,89.8
2020-02-12,202002,20207,120,84.0,88.14,89.8
2020-02-13,202002,20207,94,86.14,93.43,89.8
2020-02-14,202002,20207,100,73.0,95.79,89.8
2020-02-15,202002,20207,25,73.71,93.71,89.8
2020-02-17,202002,20208,74,73.57,96.43,89.8
2020-02-18,202002,20208,31,68.0,83.64,89.8
2020-02-19,202002,20208,23,66.71,84.93,89.8
2020-02-20,202002,20208,130,68.14,76.07,89.8
2020-02-21,202002,20208,50,61.86,74,89.8
2020-02-24,202002,20209,109,63.14,68.07,89.8
2020-02-25,202002,20209,44,65.86,69.79,89.8
2020-02-26,202002,20209,56,63.29,68.43,89.8
2020-02-27,202002,20209,118,75.71,71.86,89.8
2020-02-28,202002,20209,65,81.71,74.21,89.8
2020-02-29,202002,20209,10,64.57,66.36,89.8
2020-03-02,202003,202010,293,99.29,80.57,69.2
2020-03-03,202003,202010,269,122.14,92.64,69.2
2020-03-04,202003,202010,70,125.86,95.86,69.2
2020-03-05,202003,202010,104,132.71,98,69.2
2020-03-06,202003,202010,147,136.86,106.29,69.2
2020-03-09,202003,202011,140,147.57,114.64,69.2
2020-03-10,202003,202011,20,149.0,106.79,69.2
2020-03-11,202003,202011,77,118.14,108.71,69.2
2020-03-12,202003,202011,86,92.0,107.07,69.2
2020-03-13,202003,202011,113,98.14,112,69.2
2020-03-14,202003,202011,20,86.14,109.43,69.2
2020-03-16,202003,202012,122,82.57,109.71,69.2
2020-03-17,202003,202012,170,86.86,117.21,69.2
2020-03-18,202003,202012,44,90.29,119.64,69.2
2020-03-19,202003,202012,5,80.0,99.07,69.2
2020-03-20,202003,202012,18,70.29,81.14,69.2
2020-03-23,202003,202013,62,63.0,80.57,69.2
2020-03-24,202003,202013,23,63.43,74.79,69.2
2020-03-25,202003,202013,243,80.71,81.64,69.2
2020-03-26,202003,202013,36,61.57,74.21,69.2
2020-03-27,202003,202013,108,70.71,80.5,69.2
2020-03-28,202003,202013,20,72.86,76.43,69.2
2020-03-30,202003,202014,47,77.0,73.64,69.2
2020-03-31,202003,202014,244,103.0,83,69.2
2020-04-01,202004,202014,272,138.57,101,62.2
2020-04-02,202004,202014,90,116.71,98.71,62.2
2020-04-03,202004,202014,285,152.29,106.93,62.2
2020-04-06,202004,202015,92,150.0,110.36,62.2
2020-04-07,202004,202015,74,157.71,115.29,62.2
2020-04-08,202004,202015,56,159.0,118,62.2
2020-04-09,202004,202015,135,143.43,123.21,62.2
2020-04-10,202004,202015,110,120.29,129.43,62.2
2020-04-13,202004,202016,62,116.29,116.5,62.2
2020-04-14,202004,202016,75,86.29,119.29,62.2
2020-04-16,202004,202016,149,94.43,122.21,62.2
2020-04-17,202004,202016,48,90.71,124.21,62.2
2020-04-20,202004,202017,38,88.14,123.57,62.2
2020-04-21,202004,202017,135,88.14,115.79,62.2
2020-04-22,202004,202017,2,72.71,96.5,62.2
2020-04-23,202004,202017,63,72.86,94.57,62.2
2020-04-24,202004,202017,4,62.71,74.5,62.2
2020-04-27,202004,202018,70,51.43,72.93,62.2
2020-04-28,202004,202018,261,81.86,86.29,62.2
2020-04-29,202004,202018,44,82.71,85.43,62.2
2020-05-01,202005,202018,20,66.29,77.21,64.1
2020-05-02,202005,202018,10,67.43,70.07,64.1
2020-05-04,202005,202019,130,77.0,74.93,64.1
2020-05-06,202005,202019,297,118.86,90.79,64.1
2020-05-07,202005,202019,188,135.71,93.57,64.1
2020-05-08,202005,202019,44,104.71,93.29,64.1
2020-05-11,202005,202020,88,111.0,96.86,64.1
2020-05-12,202005,202020,68,117.86,92.07,64.1
2020-05-13,202005,202020,200,145.0,106.21,64.1
2020-05-14,202005,202020,100,140.71,108.86,64.1
2020-05-15,202005,202020,45,104.71,111.79,64.1
2020-05-18,202005,202021,100,92.14,113.93,64.1
2020-05-19,202005,202021,109,101.43,103.07,64.1
2020-05-20,202005,202021,132,107.71,109.36,64.1
2020-05-21,202005,202021,25,101.57,109.71,64.1
2020-05-22,202005,202021,89,85.71,115.36,64.1
2020-05-25,202005,202022,163,94.71,117.71,64.1
2020-05-26,202005,202022,49,95.29,100,64.1
2020-05-27,202005,202022,47,87.71,89.93,64.1
2020-05-28,202005,202022,40,77.86,89.64,64.1
2020-05-29,202005,202022,20,61.86,84.79,64.1
2020-06-01,202006,202023,125,76.14,88.86,68.7
2020-06-02,202006,202023,257,100.14,92.93,68.7
2020-06-03,202006,202023,70,86.86,90.79,68.7
2020-06-04,202006,202023,153,101.71,98.5,68.7
2020-06-05,202006,202023,50,102.14,94.93,68.7
2020-06-06,202006,202023,10,97.86,87.86,68.7
2020-06-08,202006,202024,110,110.71,86.29,68.7
2020-06-09,202006,202024,255,129.29,102.71,68.7
2020-06-10,202006,202024,46,99.14,99.64,68.7
2020-06-11,202006,202024,85,101.29,94.07,68.7
2020-06-12,202006,202024,42,85.43,93.57,68.7
2020-06-13,202006,202024,3,78.71,90.43,68.7
2020-06-15,202006,202025,109,92.86,95.36,68.7
2020-06-16,202006,202025,50,84.29,97.5,68.7
2020-06-17,202006,202025,110,63.57,96.43,68.7
2020-06-18,202006,202025,116,73.57,86.36,68.7
2020-06-19,202006,202025,105,76.43,88.86,68.7
2020-06-22,202006,202026,130,89.0,87.21,68.7
2020-06-23,202006,202026,100,102.86,90.79,68.7
2020-06-24,202006,202026,49,94.29,93.57,68.7
2020-06-25,202006,202026,84,99.14,91.71,68.7
2020-06-26,202006,202026,57,91.57,77.57,68.7
2020-06-29,202006,202027,82,86.71,80.14,68.7
2020-06-30,202006,202027,71,81.86,79.14,68.7
2020-07-01,202007,202027,131,82.0,85.5,77.3
2020-07-02,202007,202027,61,76.43,89.64,77.3
2020-07-03,202007,202027,95,83.0,88.64,77.3
2020-07-06,202007,202028,211,101.14,100.14,77.3
2020-07-07,202007,202028,94,106.43,99,77.3
2020-07-08,202007,202028,102,109.29,98,77.3
2020-07-09,202007,202028,227,131.57,106.71,77.3
2020-07-10,202007,202028,49,119.86,100.93,77.3
2020-07-13,202007,202029,151,132.71,104.57,77.3
2020-07-14,202007,202029,162,142.29,112.64,77.3
2020-07-15,202007,202029,40,117.86,109.5,77.3
2020-07-16,202007,202029,33,109.14,107.79,77.3
2020-07-17,202007,202029,160,117.43,113.36,77.3
2020-07-20,202007,202030,124,102.71,117.14,77.3
2020-07-21,202007,202030,5,96.43,108.14,77.3
2020-07-22,202007,202030,40,80.57,106.64,77.3
2020-07-23,202007,202030,116,74.0,108.14,77.3
2020-07-24,202007,202030,60,76.86,97.36,77.3
2020-07-25,202007,202030,5,72.86,91,77.3
2020-07-27,202007,202031,94,63.43,90.43,77.3
2020-07-28,202007,202031,6,46.57,74.64,77.3
2020-07-29,202007,202031,60,54.43,75.43,77.3
2020-07-30,202007,202031,648,141.29,110.93,77.3
2020-07-31,202007,202031,57,132.86,103.43,77.3
2020-08-03,202008,202032,45,130.71,103.79,83.3
2020-08-04,202008,202032,40,135.71,104.29,83.3
2020-08-05,202008,202032,80,133.71,98.57,83.3
2020-08-06,202008,202032,101,147.29,96.93,83.3
2020-08-07,202008,202032,25,142.29,98.36,83.3
2020-08-10,202008,202033,424,110.29,125.79,83.3
2020-08-11,202008,202033,246,137.29,135.07,83.3
2020-08-12,202008,202033,190,158.0,144.36,83.3
2020-08-13,202008,202033,3,152.71,144.21,83.3
2020-08-14,202008,202033,20,144.14,138.93,83.3
2020-08-17,202008,202034,11,131.29,139.29,83.3
2020-08-18,202008,202034,170,152.0,147.14,83.3
2020-08-19,202008,202034,140,111.43,110.86,83.3
2020-08-20,202008,202034,99,90.43,113.86,83.3
2020-08-21,202008,202034,86,75.57,116.79,83.3
2020-08-22,202008,202034,10,76.57,114.64,83.3
2020-08-24,202008,202035,98,87.71,115.93,83.3
2020-08-25,202008,202035,42,92.14,111.71,83.3
2020-08-26,202008,202035,96,81.57,116.79,83.3
2020-08-27,202008,202035,84,73.57,92.5,83.3
2020-08-28,202008,202035,46,66.0,78.21,83.3
2020-08-31,202008,202036,114,70.0,72.79,83.3
2020-09-01,202009,202036,211,98.71,87.64,77.5
2020-09-02,202009,202036,134,103.86,95.79,77.5
2020-09-03,202009,202036,45,104.29,98.21,77.5
2020-09-04,202009,202036,59,99.0,90.29,77.5
2020-09-07,202009,202037,224,119.0,96.29,77.5
2020-09-08,202009,202037,133,131.43,98.71,77.5
2020-09-09,202009,202037,114,131.43,100.71,77.5
2020-09-10,202009,202037,48,108.14,103.43,77.5
2020-09-11,202009,202037,127,107.14,105.5,77.5
2020-09-12,202009,202037,10,102.14,103.21,77.5
2020-09-14,202009,202038,50,100.86,99.93,77.5
2020-09-15,202009,202038,123,86.43,102.71,77.5
2020-09-16,202009,202038,54,75.14,103.29,77.5
2020-09-17,202009,202038,20,61.71,96.57,77.5
2020-09-18,202009,202038,57,63.0,85.57,77.5
2020-09-21,202009,202039,74,55.43,81.29,77.5
2020-09-22,202009,202039,142,74.29,88.21,77.5
2020-09-23,202009,202039,78,78.29,89.57,77.5
2020-09-24,202009,202039,66,70.14,78.29,77.5
2020-09-25,202009,202039,52,69.86,72.5,77.5
2020-09-28,202009,202040,150,88.43,75.07,77.5
2020-10-05,202010,202041,245,115.29,89.14,88.6
2020-10-06,202010,202041,100,119.0,87.21,88.6
2020-10-07,202010,202041,178,124.14,99.21,88.6
2020-10-08,202010,202041,64,122.14,100.21,88.6
2020-10-09,202010,202041,5,113.43,91.79,88.6
2020-10-10,202010,202041,40,111.71,90.79,88.6
2020-10-12,202010,202042,140,110.29,99.36,88.6
2020-10-13,202010,202042,100,89.57,102.43,88.6
2020-10-14,202010,202042,125,93.14,106.07,88.6
2020-10-15,202010,202042,110,83.43,103.79,88.6
2020-10-16,202010,202042,110,90.0,106.07,88.6
2020-10-17,202010,202042,20,92.14,102.79,88.6
2020-10-19,202010,202043,318,131.86,121.79,88.6
2020-10-20,202010,202043,25,115.43,112.86,88.6
2020-10-21,202010,202043,33,105.86,97.71,88.6
2020-10-22,202010,202043,30,92.29,92.71,88.6
2020-10-23,202010,202043,65,85.86,84.64,88.6
2020-10-26,202010,202044,126,88.14,89.07,88.6
2020-10-27,202010,202044,77,96.29,94.21,88.6
2020-10-28,202010,202044,84,62.86,97.36,88.6
2020-10-29,202010,202044,8,60.43,87.93,88.6
2020-10-30,202010,202044,48,62.57,84.21,88.6
2020-11-02,202011,202045,150,79.71,86,91.5
2020-11-03,202011,202045,303,113.71,99.79,91.5
2020-11-04,202011,202045,50,102.86,95.5,91.5
2020-11-05,202011,202045,80,103.29,99.79,91.5
2020-11-06,202011,202045,44,97.57,80.21,91.5
2020-11-07,202011,202045,20,99.29,79.86,91.5
2020-11-09,202011,202046,99,106.57,84.57,91.5
2020-11-10,202011,202046,16,87.43,83.57,91.5
2020-11-11,202011,202046,99,58.29,86,91.5
2020-11-12,202011,202046,90,64.0,83.43,91.5
2020-11-13,202011,202046,20,55.43,79.36,91.5
2020-11-16,202011,202047,252,85.14,91.36,91.5
2020-11-17,202011,202047,40,88.0,93.64,91.5
2020-11-18,202011,202047,35,78.86,92.71,91.5
2020-11-19,202011,202047,60,85.14,86.29,91.5
2020-11-20,202011,202047,45,77.43,67.86,91.5
2020-11-21,202011,202047,60,73.14,68.57,91.5
2020-11-23,202011,202048,68,80.0,67.71,91.5
2020-11-24,202011,202048,196,72.0,78.57,91.5
2020-11-25,202011,202048,35,71.29,79.64,91.5
2020-11-26,202011,202048,49,73.29,76.07,91.5
2020-11-27,202011,202048,40,70.43,77.79,91.5
2020-11-30,202011,202049,40,69.71,73.57,91.5
2020-12-01,202012,202049,69,71.0,72.07,85.6
2020-12-02,202012,202049,82,73.0,76.5,85.6
2020-12-03,202012,202049,172,69.57,70.79,85.6
2020-12-04,202012,202049,26,68.29,69.79,85.6
2020-12-07,202012,202050,65,70.57,71.93,85.6
2020-12-08,202012,202050,94,78.29,74.36,85.6
2020-12-09,202012,202050,125,90.43,80.07,85.6
2020-12-10,202012,202050,63,89.57,80.29,85.6
2020-12-11,202012,202050,56,85.86,79.43,85.6
2020-12-12,202012,202050,20,64.14,66.86,85.6
2020-12-14,202012,202051,145,81.14,74.71,85.6
2020-12-15,202012,202051,19,74.57,72.57,85.6
2020-12-16,202012,202051,108,76.57,77.43,85.6
2020-12-17,202012,202051,94,72.14,81.29,85.6
2020-12-18,202012,202051,85,75.29,82.43,85.6
2020-12-21,202012,202052,909,197.14,141.5,85.6
2020-12-22,202012,202052,175,219.29,141.71,85.6
2020-12-23,202012,202052,84,210.57,145.86,85.6
2020-12-24,202012,202052,100,222.14,148.36,85.6
2020-12-28,202012,202053,170,231.0,153.79,85.6
2020-12-29,202012,202053,28,221.57,146.86,85.6
2020-12-30,202012,202053,12,211.14,143.21,85.6
2020-12-31,202012,202053,70,91.29,144.21,85.6
2021-01-02,202101,202153,20,69.14,144.21,92.7
2021-01-04,202101,20211,225,89.29,149.93,92.7
2021-01-05,202101,20211,129,93.43,157.79,92.7
2021-01-06,202101,20211,15,71.29,151.14,92.7
2021-01-07,202101,20211,35,72.29,146.93,92.7
2021-01-08,202101,20211,104,85.43,148.29,92.7
2021-01-09,202101,20211,3,75.86,83.57,92.7
2021-01-11,202101,20212,110,88.71,78.93,92.7
2021-01-12,202101,20212,63,65.57,77.43,92.7
2021-01-13,202101,20212,60,55.71,74.57,92.7
2021-01-14,202101,20212,23,56.86,64.07,92.7
2021-01-15,202101,20212,20,54.71,63.5,92.7
2021-01-18,202101,20213,73,50.29,67.86,92.7
2021-01-19,202101,20213,15,52.0,63.93,92.7
2021-01-20,202101,20213,67,45.86,67.29,92.7
2021-01-21,202101,20213,22,40.0,52.79,92.7
2021-01-22,202101,20213,25,35.0,45.36,92.7
2021-01-23,202101,20213,2,32.0,44.43,92.7
2021-01-25,202101,20214,172,53.71,54.21,92.7
2021-01-26,202101,20214,100,57.57,53.93,92.7
2021-01-27,202101,20214,45,61.86,56.93,92.7
2021-01-28,202101,20214,20,55.14,50.5,92.7
2021-01-29,202101,20214,70,62.0,51,92.7
2021-01-30,202101,20214,10,59.86,47.43,92.7
2021-02-01,202102,20215,138,79.29,55.64,96.3
2021-02-02,202102,20215,40,60.43,57.07,96.3
2021-02-03,202102,20215,80,57.57,57.57,96.3
2021-02-04,202102,20215,92,64.29,63.07,96.3
2021-02-05,202102,20215,29,65.57,60.36,96.3
2021-02-08,202102,20216,200,84.14,73.07,96.3
2021-02-09,202102,20216,42,88.71,74.29,96.3
2021-02-15,202102,20217,110,84.71,82,96.3
2021-02-16,202102,20217,123,96.57,78.5,96.3
2021-02-17,202102,20217,87,97.57,77.57,96.3
2021-02-18,202102,20217,137,104.0,84.14,96.3
2021-02-19,202102,20217,524,174.71,120.14,96.3
2021-02-20,202102,20217,40,151.86,118,96.3
2021-02-22,202102,20218,93,159.14,123.93,96.3
2021-02-23,202102,20218,95,157.0,120.86,96.3
2021-02-24,202102,20218,40,145.14,120.86,96.3
2021-02-25,202102,20218,922,264.43,181,96.3
2021-02-26,202102,20218,3,245.29,174.64,96.3
2021-02-27,202102,20218,20,173.29,174,96.3
2021-03-01,202103,20219,10,169.0,160.43,101.1
2021-03-02,202103,20219,320,201.43,180.29,101.1
2021-03-03,202103,20219,49,194.86,175.93,101.1
2021-03-04,202103,20219,86,201.43,173.29,101.1
2021-03-05,202103,20219,68,79.43,171.93,101.1
2021-03-06,202103,20219,63,88.0,166.64,101.1
2021-03-08,202103,202110,88,97.71,135.5,101.1
2021-03-09,202103,202110,115,112.71,140.86,101.1
2021-03-10,202103,202110,94,80.43,140.93,101.1
2021-03-11,202103,202110,126,91.43,143.14,101.1
2021-03-12,202103,202110,83,91.0,146.21,101.1
2021-03-15,202103,202111,73,91.71,85.57,101.1
2021-03-16,202103,202111,286,123.57,105.79,101.1
2021-03-17,202103,202111,162,134.14,115.93,101.1
2021-03-18,202103,202111,55,125.57,119.14,101.1
2021-03-19,202103,202111,109,127.71,104.07,101.1
2021-03-20,202103,202111,5,110.43,100.93,101.1
2021-03-22,202103,202112,60,107.14,99.07,101.1
2021-03-23,202103,202112,185,123.14,107.43,101.1
2021-03-24,202103,202112,43,88.43,106,101.1
2021-03-25,202103,202112,123,82.86,108.5,101.1
2021-03-26,202103,202112,154,97.0,111.29,101.1
2021-03-29,202103,202113,4,82.0,104.86,101.1
2021-03-30,202103,202113,103,96.0,103.21,101.1
2021-03-31,202103,202113,61,96.14,101.64,101.1
2021-04-01,202104,202113,145,90.43,106.79,105.2
2021-04-02,202104,202113,90,97.14,92.79,105.2
2021-04-03,202104,202113,40,85.29,84.07,105.2
2021-04-05,202104,202114,50,70.43,83.71,105.2
2021-04-06,202104,202114,191,97.14,89.57,105.2
2021-04-07,202104,202114,134,101.57,98.79,105.2
2021-04-08,202104,202114,213,123.29,109.71,105.2
2021-04-09,202104,202114,150,124.0,107.21,105.2
2021-04-12,202104,202115,175,136.14,116.64,105.2
2021-04-13,202104,202115,1268,311.57,198.43,105.2
2021-04-14,202104,202115,92,317.57,194,105.2
2021-04-15,202104,202115,102,304.86,201,105.2
2021-04-16,202104,202115,60,294.29,197.93,105.2
2021-04-17,202104,202115,60,272.43,197.86,105.2
2021-04-19,202104,202116,132,269.86,196.93,105.2
2021-04-20,202104,202116,85,257.0,196.57,105.2
2021-04-21,202104,202116,80,87.29,199.43,105.2
2021-04-22,202104,202116,73,84.57,201.07,105.2
2021-04-23,202104,202116,22,73.14,189,105.2
2021-04-26,202104,202117,112,80.57,187.43,105.2
2021-04-27,202104,202117,127,90.14,181.29,105.2
2021-04-28,202104,202117,75,82.0,175.93,105.2
2021-04-29,202104,202117,79,81.14,169.07,105.2
2021-04-30,202104,202117,44,76.0,81.64,105.2
2021-05-03,202105,202118,119,82.57,83.57,105.3
2021-05-04,202105,202118,109,95.0,84.07,105.3
2021-05-06,202105,202118,88,91.57,86.07,105.3
2021-05-07,202105,202118,166,97.14,93.64,105.3
2021-05-10,202105,202119,68,96.14,89.07,105.3
2021-05-11,202105,202119,95,98.43,89.79,105.3
2021-05-12,202105,202119,113,108.29,92.14,105.3
2021-05-13,202105,202119,141,111.43,97,105.3
2021-05-14,202105,202119,40,101.57,98.29,105.3
2021-05-15,202105,202119,45,95.43,93.5,105.3
2021-05-17,202105,202120,45,78.14,87.64,105.3
2021-05-18,202105,202120,84,80.43,88.29,105.3
2021-05-19,202105,202120,20,69.71,84.07,105.3
2021-05-20,202105,202120,98,67.57,87.93,105.3
2021-05-21,202105,202120,81,59.0,85.21,105.3
2021-05-24,202105,202121,977,192.86,147.21,105.3
2021-05-25,202105,202121,330,233.57,164.5,105.3
2021-05-26,202105,202121,108,242.57,160.36,105.3
2021-05-27,202105,202121,70,240.57,160.5,105.3
2021-05-28,202105,202121,132,256.57,163.14,105.3
2021-05-29,202105,202121,5,243.29,155.43,105.3
2021-05-31,202105,202122,87,244.14,151.57,105.3
2021-06-01,202106,202122,149,125.86,159.36,109.2
2021-06-02,202106,202122,510,151.57,192.57,109.2
2021-06-03,202106,202122,226,168.43,205.5,109.2
2021-06-04,202106,202122,27,162.29,201.43,109.2
2021-06-07,202106,202123,66,152.86,204.71,109.2
2021-06-08,202106,202123,180,177.86,210.57,109.2
2021-06-09,202106,202123,175,190.43,217.29,109.2
2021-06-10,202106,202123,118,186.0,155.93,109.2
2021-06-11,202106,202123,54,120.86,136.21,109.2
2021-06-14,202106,202124,152,110.29,139.36,109.2
2021-06-15,202106,202124,106,121.57,141.93,109.2
2021-06-16,202106,202124,22,115.29,134.07,109.2
2021-06-17,202106,202124,230,122.43,150.14,109.2
2021-06-18,202106,202124,109,113.0,151.71,109.2
2021-06-19,202106,202124,40,101.86,143.93,109.2
2021-06-21,202106,202125,120,111.29,116.07,109.2
2021-06-22,202106,202125,114,105.86,108.07,109.2
2021-06-23,202106,202125,33,95.43,108.5,109.2
2021-06-24,202106,202125,45,98.71,107,109.2
2021-06-25,202106,202125,62,74.71,98.57,109.2
2021-06-26,202106,202125,60,67.71,90.36,109.2
2021-06-28,202106,202126,202,90.86,96.36,109.2
2021-06-29,202106,202126,120,90.86,101.07,109.2
2021-06-30,202106,202126,107,89.86,97.86,109.2
2021-07-01,202107,202126,250,120.86,108.14,103.8
2021-07-02,202107,202126,42,120.43,109.57,103.8
2021-07-05,202107,202127,125,129.43,102.07,103.8
2021-07-06,202107,202127,90,133.71,100.71,103.8
2021-07-07,202107,202127,62,113.71,102.29,103.8
2021-07-08,202107,202127,105,111.57,101.21,103.8
2021-07-09,202107,202127,139,116.14,103,103.8
2021-07-12,202107,202128,20,83.29,102.07,103.8
2021-07-13,202107,202128,109,92.86,106.64,103.8
2021-07-14,202107,202128,110,90.71,110.07,103.8
2021-07-15,202107,202128,161,100.86,117.29,103.8
2021-07-16,202107,202128,104,106.86,110.29,103.8
2021-07-17,202107,202128,40,97.57,104.57,103.8
2021-07-19,202107,202129,120,94.86,105.5,103.8
2021-07-20,202107,202129,20,94.86,89.07,103.8
2021-07-21,202107,202129,90,92.14,92.5,103.8
2021-07-22,202107,202129,80,87.86,89.29,103.8
2021-07-23,202107,202129,173,89.57,95.21,103.8
2021-07-26,202107,202130,100,89.0,97.93,103.8
2021-07-27,202107,202130,138,103.0,100.29,103.8
2021-07-28,202107,202130,20,88.71,91.79,103.8
2021-07-29,202107,202130,83,97.71,96.29,103.8
2021-07-30,202107,202130,42,90.86,91.5,103.8
2021-08-02,202108,202131,23,82.71,85.29,105.2
2021-08-03,202108,202131,55,65.86,77.71,105.2
2021-08-04,202108,202131,83,63.43,76.21,105.2
2021-08-05,202108,202131,54,51.43,77.21,105.2
2021-08-06,202108,202131,112,64.57,76.64,105.2
2021-08-07,202108,202131,10,54.14,75.93,105.2
2021-08-09,202108,202132,259,85.14,88,105.2
2021-08-10,202108,202132,194,109.57,96.14,105.2
2021-08-11,202108,202132,107,117.0,91.43,105.2
2021-08-13,202108,202132,128,123.43,93.43,105.2
2021-08-16,202108,202133,40,121.43,86.43,105.2
2021-08-17,202108,202133,140,125.43,95,105.2
2021-08-18,202108,202133,119,141.0,97.57,105.2
2021-08-19,202108,202133,150,125.43,105.29,105.2
2021-08-20,202108,202133,60,106.29,107.93,105.2
2021-08-23,202108,202134,78,102.14,109.57,105.2
2021-08-24,202108,202134,320,129.57,126.5,105.2
2021-08-25,202108,202134,80,135.29,128.36,105.2
2021-08-26,202108,202134,50,122.43,123.93,105.2
2021-08-27,202108,202134,20,108.29,124.64,105.2
2021-08-30,202108,202135,53,94.43,109.93,105.2
2021-08-31,202108,202135,35,90.86,98.57,105.2
2021-09-01,202109,202135,222,111.43,106.79,104.4
2021-09-02,202109,202135,100,80.0,104.79,104.4
2021-09-03,202109,202135,40,74.29,104.79,104.4
2021-09-06,202109,202136,275,106.43,114.43,104.4
2021-09-07,202109,202136,228,136.14,122.21,104.4
2021-09-08,202109,202136,60,137.14,115.79,104.4
2021-09-09,202109,202136,93,145.43,118.14,104.4
2021-09-10,202109,202136,366,166.0,138.71,104.4
2021-09-13,202109,202137,50,158.86,119.43,104.4
2021-09-14,202109,202137,80,164.57,119.43,104.4
2021-09-15,202109,202137,170,149.57,128,104.4
2021-09-16,202109,202137,80,128.43,132.29,104.4
2021-09-17,202109,202137,20,122.71,129.93,104.4
2021-09-23,202109,202138,110,125.14,135.29,104.4
2021-09-24,202109,202138,70,82.86,124.43,104.4
2021-09-25,202109,202138,10,77.14,118,104.4
2021-09-27,202109,202139,60,74.29,119.43,104.4
2021-09-28,202109,202139,140,70.0,109.79,104.4
2021-09-29,202109,202139,110,74.29,101.36,104.4
2021-09-30,202109,202139,170,95.71,109.21,104.4
2021-10-01,202110,202139,160,102.86,114,105.5
2021-10-02,202110,202139,60,101.43,92.14,105.5
2021-10-04,202110,202140,20,102.86,90,105.5
2021-10-05,202110,202140,102,108.86,91.57,105.5
2021-10-07,202110,202140,290,130.29,100.14,105.5
2021-10-08,202110,202140,60,123.14,98.71,105.5
2021-10-12,202110,202141,30,103.14,99.43,105.5
2021-10-13,202110,202141,120,97.43,100.14,105.5
2021-10-14,202110,202141,200,117.43,109.43,105.5
2021-10-15,202110,202141,100,128.86,115.86,105.5
2021-10-18,202110,202142,80,125.71,117.29,105.5
2021-10-19,202110,202142,80,95.71,113,105.5
2021-10-20,202110,202142,140,107.14,115.14,105.5
2021-10-21,202110,202142,65,112.14,107.64,105.5
2021-10-22,202110,202142,300,137.86,117.64,105.5
2021-10-23,202110,202142,20,112.14,114.79,105.5
2021-10-25,202110,202143,120,115.0,121.93,105.5
2021-10-26,202110,202143,20,106.43,116.07,105.5
2021-10-28,202110,202143,160,117.86,106.79,105.5
2021-10-29,202110,202143,210,127.86,117.5,105.5
2021-10-30,202110,202143,60,127.14,119.64,105.5
2021-11-01,202111,202144,70,94.29,116.07,106.2
2021-11-02,202111,202144,70,101.43,106.79,106.2
2021-11-03,202111,202144,60,92.86,103.93,106.2
2021-11-04,202111,202144,40,95.71,101.07,106.2
2021-11-05,202111,202144,265,110.71,114.29,106.2
2021-11-06,202111,202144,50,87.86,107.86,106.2
2021-11-08,202111,202145,58,87.57,107.36,106.2
2021-11-09,202111,202145,260,114.71,104.5,106.2
2021-11-10,202111,202145,210,134.71,118.07,106.2
2021-11-11,202111,202145,60,134.71,113.79,106.2
2021-11-12,202111,202145,120,146.14,120.93,106.2
2021-11-15,202111,202146,50,115.43,113.07,106.2
2021-11-17,202111,202146,20,111.14,99.5,106.2
2021-11-19,202111,202146,123,120.43,104,106.2
2021-11-20,202111,202146,20,86.14,100.43,106.2
2021-11-22,202111,202147,20,59.0,96.86,106.2
2021-11-23,202111,202147,80,61.86,98.29,106.2
2021-11-24,202111,202147,100,59.0,102.57,106.2
2021-11-25,202111,202147,615,139.71,127.57,106.2
2021-11-27,202111,202147,50,144.0,127.57,106.2
2021-11-29,202111,202148,40,132.14,126.29,106.2
2021-11-30,202111,202148,70,139.29,112.71,106.2
2021-12-01,202112,202148,30,140.71,99.86,104.5
2021-12-02,202112,202148,245,164.29,113.07,104.5
2021-12-03,202112,202148,260,187.14,123.07,104.5
2021-12-06,202112,202149,400,156.43,148.07,104.5
2021-12-07,202112,202149,220,180.71,162.36,104.5
2021-12-08,202112,202149,540,252.14,192.14,104.5
2021-12-09,202112,202149,80,253.57,196.43,104.5
2021-12-10,202112,202149,20,252.14,196.43,104.5
2021-12-11,202112,202149,40,222.86,193.57,104.5
2021-12-13,202112,202150,210,215.71,201.43,104.5
2021-12-14,202112,202150,90,171.43,163.93,104.5
2021-12-15,202112,202150,102,154.57,167.64,104.5
2021-12-16,202112,202150,120,94.57,173.36,104.5
2021-12-17,202112,202150,10,84.57,169.07,104.5
2021-12-20,202112,202151,220,113.14,182.64,104.5
2021-12-21,202112,202151,20,110.29,166.57,104.5
2021-12-22,202112,202151,20,83.14,149.43,104.5
2021-12-23,202112,202151,90,83.14,127.29,104.5
2021-12-24,202112,202151,230,101.43,128,104.5
2021-12-27,202112,202152,690,182.86,138.71,104.5
2021-12-28,202112,202152,55,189.29,136.93,104.5
2021-12-29,202112,202152,124,175.57,144.36,104.5
2021-12-30,202112,202152,225,204.86,157.57,104.5
2021-12-31,202112,202152,350,252.0,167.57,104.5
2022-01-04,202201,20221,124,256.86,170,105.6
2022-01-05,202201,20221,20,226.86,164.14,105.6
2022-01-06,202201,20221,21,131.29,157.07,105.6
2022-01-07,202201,20221,40,129.14,159.21,105.6
2022-01-10,202201,20222,18,114.0,144.79,105.6
2022-01-12,202201,20222,22,85.0,144.93,105.6
2022-01-13,202201,20222,100,49.29,150.64,105.6
2022-01-14,202201,20222,72,41.86,149.36,105.6
2022-01-17,202201,20223,80,50.43,138.64,105.6
2022-01-18,202201,20223,133,66.43,98.86,105.6
2022-01-19,202201,20223,160,83.57,106.36,105.6
2022-01-24,202201,20224,60,89.57,101.79,105.6
2022-01-25,202201,20224,104,101.29,93.14,105.6
2022-01-26,202201,20224,20,89.86,69.57,105.6
2022-01-28,202201,20224,90,92.43,67.14,105.6
2022-02-02,202202,20225,123,98.57,74.5,105.7
2022-02-04,202202,20225,30,83.86,75.14,105.7
2022-02-07,202202,20226,10,62.43,73,105.7
2022-02-08,202202,20226,160,76.71,83.14,105.7
2022-02-09,202202,20226,71,72.0,86.64,105.7
2022-02-10,202202,20226,20,72.0,80.93,105.7
2022-02-11,202202,20226,67,68.71,80.57,105.7
2022-02-14,202202,20227,66,60.57,79.57,105.7
2022-02-15,202202,20227,80,67.71,75.79,105.7
2022-02-16,202202,20227,6,67.14,64.79,105.7
2022-02-17,202202,20227,82,56.0,66.36,105.7
2022-02-21,202202,20228,562,126.14,99.07,105.7
2022-02-22,202202,20228,66,132.71,102.36,105.7
2022-02-23,202202,20228,40,128.86,98.79,105.7
2022-02-25,202202,20228,60,128.0,94.29,105.7
2022-03-01,202203,20229,100,130.86,99.29,103.4
2022-03-02,202203,20229,80,141.43,104.29,103.4
2022-03-03,202203,20229,618,218.0,137,103.4
2022-03-04,202203,20229,70,147.71,136.93,103.4
2022-03-07,202203,202210,133,157.29,145,103.4
2022-03-08,202203,202210,120,168.71,148.79,103.4
2022-03-10,202203,202210,93,173.43,150.71,103.4
2022-03-11,202203,202210,15,161.29,146.07,103.4
2022-03-12,202203,202210,20,152.71,147.07,103.4
2022-03-14,202203,202211,125,82.29,150.14,103.4
2022-03-15,202203,202211,89,85.0,116.36,103.4
2022-03-16,202203,202211,40,71.71,114.5,103.4
2022-03-18,202203,202211,82,66.29,117.5,103.4
2022-03-21,202203,202212,77,64.0,118.71,103.4
2022-03-22,202203,202212,20,64.71,113,103.4
2022-03-23,202203,202212,65,71.14,111.93,103.4
2022-03-24,202203,202212,4,53.86,68.07,103.4
2022-03-25,202203,202212,22,44.29,64.64,103.4
2022-03-28,202203,202213,46,45.14,58.43,103.4
2022-03-29,202203,202213,94,46.86,56.57,103.4
2022-03-30,202203,202213,63,44.86,54.43,103.4
2022-03-31,202203,202213,23,45.29,55,103.4
2022-04-01,202204,202213,95,49.57,60.36,105.7
2022-04-04,202204,202214,105,64.0,58.93,105.7
2022-04-05,202204,202214,79,72.14,58.21,105.7
2022-04-06,202204,202214,40,71.29,58.21,105.7
2022-04-07,202204,202214,61,66.57,56.71,105.7
2022-04-08,202204,202214,66,67.0,55.93,105.7
2022-04-11,202204,202215,110,79.43,62.36,105.7
2022-04-12,202204,202215,6,66.71,58.14,105.7
2022-04-13,202204,202215,66,61.14,62.57,105.7
2022-04-14,202204,202215,95,63.43,67.79,105.7
2022-04-15,202204,202215,56,65.71,68.5,105.7
2022-04-16,202204,202215,10,58.43,62.5,105.7
2022-04-18,202204,202216,225,81.14,74.07,105.7
2022-04-19,202204,202216,52,72.86,76.14,105.7
2022-04-20,202204,202216,40,77.71,72.21,105.7
2022-04-21,202204,202216,88,80.86,71,105.7
2022-04-22,202204,202216,15,69.43,66.43,105.7
2022-04-25,202204,202217,33,66.14,65.93,105.7
2022-04-26,202204,202217,56,72.71,65.57,105.7
2022-04-27,202204,202217,140,60.57,70.86,105.7
2022-04-28,202204,202217,56,61.14,67,105.7
2022-04-29,202204,202217,11,57.0,67.36,105.7
2022-05-02,202205,202218,50,51.57,66.21,106.7
2022-05-03,202205,202218,180,75.14,72.29,106.7
2022-05-04,202205,202218,54,78.14,72.14,106.7
2022-05-05,202205,202218,60,78.71,75.71,106.7
2022-05-06,202205,202218,90,71.57,66.07,106.7
2022-05-09,202205,202219,162,86.71,73.93,106.7
2022-05-10,202205,202219,10,86.57,71.79,106.7
2022-05-11,202205,202219,72,89.71,70.64,106.7
2022-05-12,202205,202219,62,72.86,74,106.7
2022-05-13,202205,202219,84,77.14,77.64,106.7
2022-05-14,202205,202219,40,74.29,76.5,106.7
2022-05-16,202205,202220,50,68.57,70.07,106.7
2022-05-17,202205,202220,132,64.29,75.5,106.7
2022-05-18,202205,202220,110,78.57,82.57,106.7
2022-05-19,202205,202220,50,75.43,82.57,106.7
2022-05-20,202205,202220,102,81.14,77,106.7
2022-05-23,202205,202221,274,108.29,92.71,106.7
2022-05-24,202205,202221,96,116.29,95.29,106.7
2022-05-25,202205,202221,10,110.57,89.57,106.7
2022-05-26,202205,202221,30,96.0,80.14,106.7
2022-05-27,202205,202221,20,83.14,80.86,106.7
2022-05-30,202205,202222,114,92.29,83.86,106.7
2022-05-31,202205,202222,60,86.29,83.71,106.7
2022-06-01,202206,202222,40,52.86,80.57,102.5
2022-06-02,202206,202222,725,142.71,129.5,102.5
2022-06-03,202206,202222,149,162.57,136.57,102.5
2022-06-04,202206,202222,49,165.29,130.64,102.5
2022-06-07,202206,202223,70,172.43,127.79,102.5
2022-06-08,202206,202223,100,170.43,131.36,102.5
2022-06-09,202206,202223,80,173.29,129.79,102.5
2022-06-13,202206,202224,240,201.86,127.36,102.5
2022-06-14,202206,202224,180,124.0,133.36,102.5
2022-06-15,202206,202224,120,119.86,141.21,102.5
2022-06-16,202206,202224,115,129.29,147.29,102.5
2022-06-17,202206,202224,90,132.14,152.29,102.5
2022-06-20,202206,202225,20,120.71,145.57,102.5
2022-06-21,202206,202225,80,120.71,147,102.5
2022-06-22,202206,202225,34,91.29,146.57,102.5
2022-06-23,202206,202225,28,69.57,96.79,102.5
2022-06-24,202206,202225,131,71.14,95.5,102.5
2022-06-25,202206,202225,7,55.71,92.5,102.5
2022-06-27,202206,202226,104,57.71,94.93,102.5
2022-06-28,202206,202226,44,61.14,90.93,102.5
2022-06-29,202206,202226,8,50.86,85.79,102.5
2022-06-30,202206,202226,43,52.14,71.71,102.5
2022-07-01,202207,202226,60,56.71,63.14,97.8
2022-07-04,202207,202227,322,84.0,77.57,97.8
2022-07-05,202207,202227,240,117.29,86.5,97.8
2022-07-06,202207,202227,85,114.57,86.14,97.8
2022-07-07,202207,202227,160,131.14,96.14,97.8
2022-07-08,202207,202227,14,132.0,91.43,97.8
2022-07-09,202207,202227,40,131.57,91.86,97.8
2022-07-11,202207,202228,30,127.29,92,97.8
2022-07-12,202207,202228,50,88.43,86.21,97.8
2022-07-13,202207,202228,51,61.43,89.36,97.8
2022-07-14,202207,202228,277,88.86,101.71,97.8
2022-07-15,202207,202228,65,75.29,103.21,97.8
2022-07-18,202207,202229,26,77.0,104.5,97.8
2022-07-19,202207,202229,120,88.43,110,97.8
2022-07-20,202207,202229,55,92.0,109.64,97.8
2022-07-21,202207,202229,150,106.29,97.36,97.8
2022-07-22,202207,202229,10,100.43,80.93,97.8
2022-07-23,202207,202229,40,66.57,77.71,97.8
2022-07-25,202207,202230,40,63.0,69.14,97.8
2022-07-26,202207,202230,55,67.14,72.07,97.8
2022-07-27,202207,202230,15,52.14,70.29,97.8
2022-07-28,202207,202230,50,51.43,71.71,97.8
2022-08-01,202208,202231,15,32.14,69.21,99.3
2022-08-02,202208,202231,60,39.29,69.86,99.3
2022-08-03,202208,202231,30,37.86,52.21,99.3
2022-08-04,202208,202231,18,34.71,48.86,99.3
2022-08-05,202208,202231,136,46.29,56.71,99.3
2022-08-06,202208,202231,60,52.71,52.43,99.3
2022-08-08,202208,202232,43,51.71,51.57,99.3
2022-08-09,202208,202232,35,54.57,43.36,99.3
2022-08-10,202208,202232,173,70.71,55,99.3
2022-08-11,202208,202232,120,83.57,60.71,99.3
2022-08-12,202208,202232,80,92.43,63.57,99.3
2022-08-16,202208,202233,64,82.14,64.21,99.3
2022-08-17,202208,202233,80,85.0,68.86,99.3
2022-08-18,202208,202233,89,91.57,71.64,99.3
2022-08-19,202208,202233,31,91.0,72.79,99.3
2022-08-20,202208,202233,60,74.86,72.79,99.3
2022-08-22,202208,202234,125,75.57,79.57,99.3
2022-08-24,202208,202234,21,67.14,79.79,99.3
2022-08-25,202208,202234,660,152.29,117.21,99.3
2022-08-26,202208,202234,95,154.43,119.71,99.3
2022-08-29,202208,202235,20,144.57,118.07,99.3
2022-08-30,202208,202235,35,145.14,118.07,99.3
2022-09-01,202209,202235,72,146.86,110.86,98
2022-09-02,202209,202235,130,147.57,111.57,98
2022-09-05,202209,202236,88,157.14,112.14,98
2022-09-06,202209,202236,70,72.86,112.57,98
2022-09-07,202209,202236,25,62.86,108.64,98
2022-09-08,202209,202236,40,65.71,105.14,98
2022-09-13,202209,202237,70,70.71,107.93,98
2022-09-14,202209,202237,10,61.86,104.36,98
2022-09-15,202209,202237,105,58.29,102.93,98
2022-09-16,202209,202237,190,72.86,115,98
2022-09-17,202209,202237,40,68.57,70.71,98
2022-09-19,202209,202238,126,83.0,72.93,98
2022-09-20,202209,202238,103,92.0,78.86,98
2022-09-21,202209,202238,121,99.29,85,98
2022-09-22,202209,202238,206,127.29,94.57,98
2022-09-23,202209,202238,100,126.57,92.43,98
2022-09-26,202209,202239,83,111.29,92.07,98
2022-09-27,202209,202239,45,112.0,90.29,98
2022-09-28,202209,202239,20,96.86,89.93,98
2022-09-29,202209,202239,80,93.57,92.79,98
2022-09-30,202209,202239,20,79.14,89.21,98
